"",Location,Patron Type,Item Type,Age Range,Rule Number,Active,Editable By
1,?????,9999,9999,,1,Y,ALL
2,?????,220,9999,,1,Y,ALL
3,?????,"45,46,211,230",9999,,1,Y,ALL
4,b*,11,9999,,14,Y,ALL
5,b*,9,9999,,13,Y,ALL
6,b*,6,9999,,11,Y,ADMIN
7,"b*   ",9,9,,203,Y,ALL
8,?????,7,"0-2,4-5,7-9,10,11,13,19",,12,N,ALL
9,?????,48,"0-2,4-5,7-9,10,11,13,19",,23,Y,ALL
10,?????,"92,93","0-2,4-5,7-9,10,11,13,19",,272,Y,ADMIN
11,?????,102,"0-2,4-5,7-9,10,11,13,19",,127,Y,ADMIN
12,?????,"112,114","0-2,4-5,7-9,10,11,13,19",,155,Y,ADMIN
13,?????,126,"0-2,4-5,7-9,10,11,13,19",,172,Y,ADMIN
14,"b*   ",12,"0,1,10,11,19",,77,Y,ALL
15,"b*   ","8,70","0,1,10,11,13,14,19",,78,Y,ALL
16,"b*   ",12,"8,9",,5,Y,ALL
17,"b*   ","8,70","8,9",,64,Y,ADMIN
18,"b*   ","4,7","0,1,10,11,14,19",,8,Y,ALL
19,"b*   ","4,7,8,12,13",3,,19,Y,ALL
20,"b*   ","4,7","8,9",,18,Y,ALL
21,"b*   ","4,7,8,12",24,,6,Y,ADMIN
22,"bn*  ","4,7,8,12","8,9",,18,Y,ALL
23,"bn*  ","4,7,8,12","0,1,10,11,14,19",,8,Y,ALL
24,bc*,9999,9999,,1,Y,ALL
25,bebca,"1-3,5,10,13,17-23",9999,,6,Y,ALL
26,bebca,"34-43,45-46,67,68,70,73,74,80,81,84,85,87,92-93,95-100,104-106,108-112,114-119,125-129,131-133,135-137,150,151,153,155-158",9999,,66,Y,ADMIN
27,bgbca,"1-3,5,10,13,17-23",9999,,6,Y,ALL
28,bgbca,"34-43,45-46,67,68,73,74,80,81,84,85,87,92-93,95-100,104-106,108-112,114-119,125-129,131-133,135-137,150,151,153,155-158",9999,,66,Y,ADMIN
29,bmbca,"1-3,5,10,13,17-23",9999,,6,Y,ALL
30,bmbca,"34-43,45-46,67,68,73,74,80,81,84,85,87,92-93,95-100,104-106,108-112,114-119,125-129,131-133,135-137,150,151,153,155-158",9999,,66,Y,ADMIN
31,bebcj,"1-5,10,13,17-23",9999,,7,Y,ALL
32,bebcj,"34-43,45-46,67,68,73,74,80,81,84,85,87,92-93,95-100,104-106,108-112,114-119,125-129,131-133,135-137,150,151,153,155-158",9999,,67,Y,ADMIN
33,bgbcj,"1-5,10,13,17-23",9999,,7,Y,ALL
34,bgbcj,"34-43,45-46,67,68,73,74,80,81,84,85,87,92-93,95-100,104-106,108-112,114-119,125-129,131-133,135-137,150,151,153,155-158",9999,,67,Y,ADMIN
35,bmbcj,"1-5,10,13,17-23",9999,,7,Y,ALL
36,bmbcj,"34-43,45-46,67,68,70,73,74,80,81,84,85,87,92-93,95-100,104-106,108-112,114-119,125-129,131-133,135-137,150,151,153,155-158",9999,,67,Y,ADMIN
37,bebfa,"1-3,5,10,13,17-23",9999,,6,Y,ALL
38,bebfa,"34-43,45-46,67,68,70,73,74,80,81,84,85,87,92-93,95-100,104-106,108-112,114-119,125-129,131-133,135-137,150,151,153,155-158",9999,,66,Y,ADMIN
39,bebs*,"1-3,5,10,13,17-23",9999,,6,Y,ALL
40,bebs*,"34-43,45-46,67,68,70,73,74,80,81,84,85,87,92-93,95-100,104-106,108-112,114-119,125-129,131-133,135-137,150,151,153,155-158",9999,,66,Y,ADMIN
41,"bbe* ","1-3,5,10,13,17-23","0-1,10-11,19",,6,Y,ADMIN
42,"bbe* ","1-10,12-13,17-20,22-23,34-43,45-46,67,68,70,73,74,80,81,84,85,87,92-93,95-100,104-106,108-112,114-119,125-129,131-133,135-137,150,151,153,155-158","0-1,10-11,13,19",,66,Y,ADMIN
43,"bbe* ","1-3,5,6,10,13,17-23","8,9",,2,Y,ADMIN
44,"bbe* ","34-43,45-46,67,68,70,73,74,80,81,84,85,87,92-93,95-100,104-106,108-112,114-119,125-129,131-133,135-137,150,151,153,155-158","8,9",,65,Y,ADMIN
45,"bbe* ","1-3,5,6,10,13,17-23,34-43,45-46,67,68,73,74,80,81,84,85,87,92-93,95-100,104-106,108-112,114-119,125-129,131-133,135-137,150,151,153,155-158",3,,3,Y,ADMIN
46,"bne* ","1-3,5,10,13,17-23","0-1,10-11,19",,6,Y,ADMIN
47,"bne* ","1-3,5,10,13,17-23,34-43,45-46,67,68,70,73,74,80,81,84,85,87,92-93,95-100,104-106,108-112,114-119,125-129,131-133,135-137,150,151,153,155-158","0-1,10-11,13,19",,66,Y,ADMIN
48,"bne* ","1-3,5,6,10,13,17-23","8,9",,2,Y,ADMIN
49,"bne* ","34-43,45-46,67,68,70,73,74,80,81,84,85,87,92-93,95-100,104-106,108-112,114-119,125-129,131-133,135-137,150,151,153,155-158","8,9",,65,Y,ADMIN
50,"bne* ","1-3,5,6,10,13,17-23,34-43,45-46,67,68,73,74,80,81,84,85,87,92-93,95-100,104-106,108-112,114-119,125-129,131-133,135-137,150,151,153,155-158",3,,3,Y,ADMIN
51,"bme* ","1-3,5,10,13,17-23","0-1,10-11,19",,6,Y,ADMIN
52,"bme* ","1-10,12-13,17-20,22-23,34-43,45-46,67,68,70,73,74,80,81,84,85,87,92-93,95-100,104-106,108-112,114-119,125-129,131-133,135-137,150,151,153,155-158","0-1,10-11,13,19",,66,Y,ADMIN
53,"bme* ","1-3,5,6,10,13,17-23","8,9",,2,Y,ADMIN
54,"bme* ","34-43,45-46,67,68,70,73,74,80,81,84,85,87,92-93,95-100,104-106,108-112,114-119,125-129,131-133,135-137,150,151,153,155-158","8,9",,65,Y,ADMIN
55,"bme* ","1-3,5,6,10,13,17-23,34-43,45-46,67,68,73,74,80,81,84,85,92-93,95-100,104-106,108-112,114-119,125-129,131-133,135-137,150,151,153,155-158",3,,3,Y,ADMIN
56,bbppj,9999,9999,,1,Y,ADMIN
57,bbppj,"1-9,11-13,19-21,34-43,45-46,67,68,70,73,74,80,81,84,85,87,92-93,95-100,104-106,108-112,114-119,125-129,131-133,135-137,150,151,153,155-158",26,,9,Y,ADMIN
58,bgppj,9999,9999,,1,Y,ADMIN
59,bgppj,"1-9,11-13,19-21,34-43,45-46,67,68,70,73,74,80,81,84,85,87,92-93,95-100,104-106,108-112,114-119,125-129,131-133,135-137,150,151,153,155-158",26,,9,Y,ADMIN
60,beppj,9999,9999,,1,Y,ADMIN
61,beppj,"1-9,11-13,19-21,34-43,45-46,67,68,70,73,74,80,81,84,85,87,92-93,95-100,104-106,108-112,114-119,125-129,131-133,135-137,150,151,153,155-158",26,,9,Y,ADMIN
62,bnppj,9999,9999,,1,Y,ADMIN
63,bnppj,"1-9,11-13,19-21,34-43,45-46,67,68,70,73,74,80,81,84,85,87,92-93,95-100,104-106,108-112,114-119,125-129,131-133,135-137,150,151,153,155-158",26,,9,Y,ADMIN
64,bmppj,9999,9999,,1,Y,ADMIN
65,bmppj,"1-9,11-13,19-21,34-43,45-46,67,68,70,73,74,80,81,84,85,87,92-93,95-100,104-106,108-112,114-119,125-129,131-133,135-137,150,151,153,155-158",26,,9,Y,ADMIN
66,beeqp,"1-3,5,10,13,17-23,34-43,45-46,67,68,70,73,74,80,81,84,85,87,92-93,95-100,104-106,108-112,114-119,125-129,131-133,135-137,150,151,153,155-158","0-1,10-11,13,19",,66,Y,ADMIN
67,bgeqp,"1-3,5,10,13,17-23,34-43,45-46,67,68,70,73,74,80,81,84,85,92-93,95-100,104-106,108-112,114-119,125-129,131-133,135-137,150,151,153,155-158","0-1,10-11,13,19",,66,Y,ADMIN
68,bneqp,"1-3,5,10,13,17-23,34-43,45-46,67,68,70,73,74,80,81,84,85,92-93,95-100,104-106,108-112,114-119,125-129,131-133,135-137,150,151,153,155-158","0-1,10-11,13,19",,66,Y,ADMIN
69,bnfga,"1-3,5,10,13,17-23",9999,,6,Y,ADMIN
70,bnfga,"34-43,45-46,67,68,70,73,74,80,81,84,85,92-93,95-100,104-106,108-112,114-119,125-129,131-133,135-137,150,151,153,155-158",9999,,66,Y,ADMIN
71,bbfga,"1-3,5,10,13,17-23",9999,,6,Y,ADMIN
72,bbfga,"34-43,45-46,67,68,70,73,74,80,81,84,85,92-93,95-100,104-106,108-112,114-119,125-129,131-133,135-137,150,151,153,155-158",9999,,66,Y,ADMIN
73,befga,"1-3,5,10,13,17-23",9999,,6,Y,ALL
74,befga,"34-43,45-46,67,68,70,73,74,80,81,84,85,92-93,95-100,104-106,108-112,114-119,125-129,131-133,135-137,150,151,153,155-158",9999,,66,Y,ADMIN
75,bgfga,"1-3,5,10,13,17-23",9999,,6,Y,ALL
76,bgfga,"34-43,45-46,67,68,70,73,74,80,81,84,85,92-93,95-100,104-106,108-112,114-119,125-129,131-133,135-137,150,151,153,155-158",9999,,66,Y,ADMIN
77,bmfga,"1-3,5,10,13,17-23",9999,,6,Y,ALL
78,bmfga,"34-43,45-46,67,68,70,73,74,80,81,84,85,92-93,95-100,104-106,108-112,114-119,125-129,131-133,135-137,150,151,153,155-158",9999,,66,Y,ADMIN
79,bbrgj,"1-3,5,10,13,17-23",9999,,6,Y,ADMIN
80,bbrgj,"34-43,45-46,67,68,70,73,74,80,81,84,85,92-93,95-100,104-106,108-112,114-119,125-129,131-133,135-137,150,151,153,155-158",9999,,66,Y,ADMIN
81,bnrgj,"1-3,5,10,13,17-23",9999,,6,Y,ADMIN
82,bnrgj,"34-43,45-46,67,68,70,73,74,80,81,84,85,92-93,95-100,104-106,108-112,114-119,125-129,131-133,135-137,150,151,153,155-158",9999,,66,Y,ADMIN
83,bgrgj,"1-3,5,10,13,17-23",9999,,6,Y,ADMIN
84,bgrgj,"34-43,45-46,67,68,70,73,74,80,81,84,85,92-93,95-100,104-106,108-112,114-119,125-129,131-133,135-137,150,151,153,155-158",9999,,66,Y,ADMIN
85,bergj,"1-3,5,10,13,17-23",9999,,6,Y,ADMIN
86,bergj,"34-43,45-46,67,68,70,73,74,80,81,84,85,92-93,95-100,104-106,108-112,114-119,125-129,131-133,135-137,150,151,153,155-158",9999,,66,Y,ADMIN
87,bmrgj,"1-3,5,10,13,17-23",9999,,6,Y,ADMIN
88,bmrgj,"34-43,45-46,67,68,70,73,74,80,81,84,85,92-93,95-100,104-106,108-112,114-119,125-129,131-133,135-137,150,151,153,155-158",9999,,66,Y,ADMIN
89,bbrnj,"1-3,5,10,13,17-23",9999,,6,Y,ADMIN
90,bbrnj,"34-43,45-46,67,68,70,73,74,80,81,84,85,92-93,95-100,104-106,108-112,114-119,125-129,131-133,135-137,150,151,153,155-158",9999,,66,Y,ADMIN
91,bnrnj,"1-3,5,10,13,17-23",9999,,6,Y,ADMIN
92,bnrnj,"34-43,45-46,67,68,70,73,74,80,81,84,85,92-93,95-100,104-106,108-112,114-119,125-129,131-133,135-137,150,151,153,155-158",9999,,66,Y,ADMIN
93,bgrnj,"1-3,5,10,13,17-23",9999,,6,Y,ADMIN
94,bgrnj,"34-43,45-46,67,68,70,73,74,80,81,84,85,92-93,95-100,104-106,108-112,114-119,125-129,131-133,135-137,150,151,153,155-158",9999,,66,Y,ADMIN
95,bernj,"1-3,5,10,13,17-23",9999,,6,Y,ADMIN
96,bernj,"34-43,45-46,67,68,70,73,74,80,81,84,85,92-93,95-100,104-106,108-112,114-119,125-129,131-133,135-137,150,151,153,155-158",9999,,66,Y,ADMIN
97,bmrnj,"1-3,5,10,13,17-23",9999,,6,Y,ADMIN
98,bmrnj,"34-43,45-46,67,68,70,73,74,80,81,84,85,92-93,95-100,104-106,108-112,114-119,125-129,131-133,135-137,150,151,153,155-158",9999,,66,Y,ADMIN
99,bbrna,"1-3,5,10,13,17-23",9999,,6,Y,ADMIN
100,bbrna,"34-43,45-46,67,68,70,73,74,80,81,84,85,92-93,95-100,104-106,108-112,114-119,125-129,131-133,135-137,150,151,153,155-158",9999,,66,Y,ADMIN
101,bnrna,"1-3,5,10,13,17-23",9999,,6,Y,ADMIN
102,bnrna,"34-43,45-46,67,68,70,73,74,80,81,84,85,92-93,95-100,104-106,108-112,114-119,125-129,131-133,135-137,150,151,153,155-158",9999,,66,Y,ADMIN
103,bgrna,"1-3,5,10,13,17-23",9999,,6,Y,ADMIN
104,bgrna,"34-43,45-46,67,68,70,73,74,80,81,84,85,92-93,95-100,104-106,108-112,114-119,125-129,131-133,135-137,150,151,153,155-158",9999,,66,Y,ADMIN
105,berna,"1-3,5,10,13,17-23",9999,,6,Y,ADMIN
106,berna,"34-43,45-46,67,68,70,73,74,80,81,84,85,92-93,95-100,104-106,108-112,114-119,125-129,131-133,135-137,150,151,153,155-158",9999,,66,Y,ADMIN
107,bmrna,"1-3,5,10,13,17-23",9999,,6,Y,ADMIN
108,bmrna,"34-43,45-46,67,68,70,73,74,80,81,84,85,92-93,95-100,104-106,108-112,114-119,125-129,131-133,135-137,150,151,153,155-158",9999,,66,Y,ADMIN
109,bbraa,"1-3,5,10,13,17-23",9999,,6,Y,ADMIN
110,bbraa,"34-43,45-46,67,68,70,73,74,80,81,84,85,92-93,95-100,104-106,108-112,114-119,125-129,131-133,135-137,150,151,153,155-158",9999,,66,Y,ADMIN
111,bnraa,"1-3,5,10,13,17-23",9999,,6,Y,ADMIN
112,bnraa,"34-43,45-46,67,68,70,73,74,80,81,84,85,92-93,95-100,104-106,108-112,114-119,125-129,131-133,135-137,150,151,153,155-158",9999,,66,Y,ADMIN
113,bgraa,"1-3,5,10,13,17-23",9999,,6,Y,ADMIN
114,bgraa,"34-43,45-46,67,68,70,73,74,80,81,84,85,92-93,95-100,104-106,108-112,114-119,125-129,131-133,135-137,150,151,153,155-158",9999,,66,Y,ADMIN
115,beraa,"1-3,5,10,13,17-23",9999,,6,Y,ADMIN
116,beraa,"34-43,45-46,67,68,70,73,74,80,81,84,85,92-93,95-100,104-106,108-112,114-119,125-129,131-133,135-137,150,151,153,155-158",9999,,66,Y,ADMIN
117,bmraa,"1-3,5,10,13,17-23",9999,,6,Y,ADMIN
118,bmraa,"34-43,45-46,67,68,70,73,74,80,81,84,85,92-93,95-100,104-106,108-112,114-119,125-129,131-133,135-137,150,151,153,155-158",9999,,66,Y,ADMIN
119,bbray,"1-3,5,10,13,17-23",9999,,6,Y,ADMIN
120,bbray,"34-43,45-46,67,68,70,73,74,80,81,84,85,92-93,95-100,104-106,108-112,114-119,125-129,131-133,135-137,150,151,153,155-158",9999,,66,Y,ADMIN
121,bnray,"1-3,5,10,13,17-23",9999,,6,Y,ADMIN
122,bnray,"34-43,45-46,67,68,70,73,74,80,81,84,85,92-93,95-100,104-106,108-112,114-119,125-129,131-133,135-137,150,151,153,155-158",9999,,66,Y,ADMIN
123,bgray,"1-3,5,10,13,17-23",9999,,6,Y,ADMIN
124,bgray,"34-43,45-46,67,68,70,73,74,80,81,84,85,92-93,95-100,104-106,108-112,114-119,125-129,131-133,135-137,150,151,153,155-158",9999,,66,Y,ADMIN
125,beray,"1-3,5,10,13,17-23",9999,,6,Y,ADMIN
126,beray,"34-43,45-46,67,68,70,73,74,80,81,84,85,92-93,95-100,104-106,108-112,114-119,125-129,131-133,135-137,150,151,153,155-158",9999,,66,Y,ADMIN
127,bmray,"1-3,5,10,13,17-23",9999,,6,Y,ADMIN
128,bmray,"34-43,45-46,67,68,70,73,74,80,81,84,85,92-93,95-100,104-106,108-112,114-119,125-129,131-133,135-137,150,151,153,155-158",9999,,66,Y,ADMIN
129,bblra,"1-3,5,10,13,17-23",9999,,6,Y,ADMIN
130,bblra,"34-43,45-46,67,68,70,73,74,80,81,84,85,92-93,95-100,104-106,108-112,114-119,125-129,131-133,135-137,150,151,153,155-158",9999,,66,Y,ADMIN
131,bnlra,"1-3,5,10,13,17-23",9999,,6,Y,ADMIN
132,bnlra,"34-43,45-46,67,68,70,73,74,80,81,84,85,92-93,95-100,104-106,108-112,114-119,125-129,131-133,135-137,150,151,153,155-158",9999,,66,Y,ADMIN
133,bglra,"1-3,5,10,13,17-23",9999,,6,Y,ADMIN
134,bglra,"34-43,45-46,67,68,70,73,74,80,81,84,85,92-93,95-100,104-106,108-112,114-119,125-129,131-133,135-137,150,151,153,155-158",9999,,66,Y,ADMIN
135,belra,"1-3,5,10,13,17-23",9999,,6,Y,ADMIN
136,belra,"34-43,45-46,67,68,70,73,74,80,81,84,85,92-93,95-100,104-106,108-112,114-119,125-129,131-133,135-137,150,151,153,155-158",9999,,66,Y,ADMIN
137,bmlra,"1-3,5,10,13,17-23",9999,,6,Y,ADMIN
138,bmlra,"34-43,45-46,67,68,70,73,74,80,81,84,85,92-93,95-100,104-106,108-112,114-119,125-129,131-133,135-137,150,151,153,155-158",9999,,66,Y,ADMIN
139,bbrej,"1-3,5,10,13,17-23",9999,,6,Y,ADMIN
140,bbrej,"34-43,45-46,67,68,70,73,74,80,81,84,85,92-93,95-100,104-106,108-112,114-119,125-129,131-133,135-137,150,151,153,155-158",9999,,66,Y,ADMIN
141,bnrej,"1-3,5,10,13,17-23",9999,,6,Y,ADMIN
142,bnrej,"34-43,45-46,67,68,70,73,74,80,81,84,85,92-93,95-100,104-106,108-112,114-119,125-129,131-133,135-137,150,151,153,155-158",9999,,66,Y,ADMIN
143,bgrej,"1-3,5,10,13,17-23",9999,,6,Y,ADMIN
144,bgrej,"34-43,45-46,67,68,70,73,74,80,81,84,85,92-93,95-100,104-106,108-112,114-119,125-129,131-133,135-137,150,151,153,155-158",9999,,66,Y,ADMIN
145,berej,"1-3,5,10,13,17-23",9999,,6,Y,ADMIN
146,berej,"34-43,45-46,67,68,70,73,74,80,81,84,85,92-93,95-100,104-106,108-112,114-119,125-129,131-133,135-137,150,151,153,155-158",9999,,66,Y,ADMIN
147,bmrej,"1-3,5,10,13,17-23",9999,,6,Y,ADMIN
148,bmrej,"34-43,45-46,67,68,70,73,74,80,81,84,85,92-93,95-100,104-106,108-112,114-119,125-129,131-133,135-137,150,151,153,155-158",9999,,66,Y,ADMIN
149,bbfca,"1-3,5,10,13,17-23",9999,,6,Y,ADMIN
150,bbfca,"34-43,45-46,67,68,70,73,74,80,81,84,85,92-93,95-100,104-106,108-112,114-119,125-129,131-133,135-137,150,151,153,155-158",9999,,66,Y,ADMIN
151,bnfca,"1-3,5,10,13,17-23",9999,,6,Y,ALL
152,bnfca,"34-43,45-46,67,68,70,73,74,80,81,84,85,92-93,95-100,104-106,108-112,114-119,125-129,131-133,135-137,150,151,153,155-158",9999,,66,Y,ADMIN
153,befca,"1-3,5,10,13,17-23",9999,,6,Y,ALL
154,befca,"34-43,45-46,67,68,70,73,74,80,81,84,85,92-93,95-100,104-106,108-112,114-119,125-129,131-133,135-137,150,151,153,155-158",9999,,66,Y,ADMIN
155,bgfca,"1-3,5,10,13,17-23",9999,,6,Y,ALL
156,bgfca,"34-43,45-46,67,68,70,73,74,80,81,84,85,92-93,95-100,104-106,108-112,114-119,125-129,131-133,135-137,150,151,153,155-158",9999,,66,Y,ADMIN
157,bmfca,"1-3,5,10,13,17-23",9999,,6,Y,ALL
158,bmfca,"34-43,45-46,67,68,70,73,74,80,81,84,85,92-93,95-100,104-106,108-112,114-119,125-129,131-133,135-137,150,151,153,155-158",9999,,66,Y,ADMIN
159,bbfcx,"1-3,5,10,13,17-23",9999,,6,Y,ADMIN
160,bbfcx,"34-43,45-46,67,68,70,73,74,80,81,84,85,92-93,95-100,104-106,108-112,114-119,125-129,131-133,135-137,150,151,153,155-158",9999,,66,Y,ADMIN
161,bmfcx,"1-3,5,10,13,17-23",9999,,6,Y,ALL
162,bmfcx,"34-43,45-46,67,68,70,73,74,80,81,84,85,92-93,95-100,104-106,108-112,114-119,125-129,131-133,135-137,150,151,153,155-158",9999,,66,Y,ADMIN
163,bnfcx,"1-3,5,10,13,17-23",9999,,6,Y,ADMIN
164,bnfcx,"34-43,45-46,67,68,70,73,74,80,81,84,85,92-93,95-100,104-106,108-112,114-119,125-129,131-133,135-137,150,151,153,155-158",9999,,66,Y,ADMIN
165,bbfcj,"1-5,10,13,17-23",9999,,7,Y,ADMIN
166,bbfcj,"34-43,45-46,67,68,70,73,74,80,81,84,85,92-93,95-100,104-106,108-112,114-119,125-129,131-133,135-137,150,151,153,155-158",9999,,67,Y,ADMIN
167,bnfcj,"1-5,10,13,17-23",9999,,7,Y,ALL
168,bnfcj,"34-43,45-46,67,68,70,73,74,80,81,84,85,92-93,95-100,104-106,108-112,114-119,125-129,131-133,135-137,150,151,153,155-158",9999,,67,Y,ADMIN
169,befcj,"1-5,10,13,17-23",9999,,7,Y,ALL
170,befcj,"34-43,45-46,67,68,70,73,74,80,81,84,85,92-93,95-100,104-106,108-112,114-119,125-129,131-133,135-137,150,151,153,155-158",9999,,67,Y,ADMIN
171,bgfcj,"1-5,10,13,17-23",9999,,7,Y,ALL
172,bgfcj,"34-43,45-46,67,68,70,73,74,80,81,84,85,92-93,95-100,104-106,108-112,114-119,125-129,131-133,135-137,150,151,153,155-158",9999,,67,Y,ADMIN
173,bmfcj,"1-5,10,13,17-23",9999,,7,Y,ALL
174,bmfcj,"34-43,45-46,67,68,70,73,74,80,81,84,85,92-93,95-100,104-106,108-112,114-119,125-129,131-133,135-137,150,151,153,155-158",9999,,67,Y,ADMIN
175,bmfxj,"1-5,10,13,17-23",9999,,7,Y,ALL
176,bmfxj,"34-43,45-46,67,68,70,73,74,80,81,84,85,92-93,95-100,104-106,108-112,114-119,125-129,131-133,135-137,150,151,153,155-158",9999,,67,Y,ADMIN
177,bbdwj,"1-5,10,13,17-23",9999,,7,Y,ADMIN
178,bbdwj,"34-43,45-46,67,68,70,73,74,80,81,84,85,92-93,95-100,104-106,108-112,114-119,125-129,131-133,135-137,150,151,153,155-158",9999,,67,Y,ADMIN
179,bndwj,"1-5,10,13,17-23",9999,,7,Y,ADMIN
180,bndwj,"34-43,45-46,67,68,70,73,74,80,81,84,85,92-93,95-100,104-106,108-112,114-119,125-129,131-133,135-137,150,151,153,155-158",9999,,67,Y,ADMIN
181,bmdwj,"1-5,10,13,17-23",9999,,7,Y,ALL
182,bmdwj,"34-43,45-46,67,68,70,73,74,80,81,84,85,92-93,95-100,104-106,108-112,114-119,125-129,131-133,135-137,150,151,153,155-158",9999,,67,Y,ADMIN
183,bedwj,"1-5,10,13,17-23",9999,,7,Y,ALL
184,bedwj,"34-43,45-46,67,68,70,73,74,80,81,84,85,92-93,95-100,104-106,108-112,114-119,125-129,131-133,135-137,150,151,153,155-158",9999,,67,Y,ADMIN
185,bgdwj,"1-5,10,13,17-23",9999,,7,Y,ALL
186,bgdwj,"34-43,45-46,67,68,70,73,74,80,81,84,85,92-93,95-100,104-106,108-112,114-119,125-129,131-133,135-137,150,151,153,155-158",9999,,67,Y,ADMIN
187,bbfcy,"1-3,5,10,13,17-23",9999,,6,Y,ADMIN
188,bbfcy,"34-43,45-46,67,68,70,73,74,80,81,84,85,92-93,95-100,104-106,108-112,114-119,125-129,131-133,135-137,150,151,153,155-158",9999,,66,Y,ADMIN
189,bnfcy,"1-3,5,10,13,17-23",9999,,66,Y,ALL
190,bnfcy,"34-43,45-46,67,68,70,73,74,80,81,84,85,92-93,95-100,104-106,108-112,114-119,125-129,131-133,135-137,150,151,153,155-158",9999,,6,Y,ADMIN
191,befcy,"1-3,5,10,13,17-23",9999,,6,Y,ALL
192,befcy,"34-43,45-46,67,68,70,73,74,80,81,84,85,92-93,95-100,104-106,108-112,114-119,125-129,131-133,135-137,150,151,153,155-158",9999,,66,Y,ADMIN
193,bgfcy,"1-3,5,10,13,17-23",9999,,6,Y,ALL
194,bgfcy,"34-43,45-46,67,68,70,73,74,80,81,84,85,92-93,95-100,104-106,108-112,114-119,125-129,131-133,135-137,150,151,153,155-158",9999,,66,Y,ADMIN
195,bmfcy,"1-3,5,10,13,17-23",9999,,6,Y,ALL
196,bmfcy,"34-43,45-46,67,68,70,73,74,80,81,84,85,92-93,95-100,104-106,108-112,114-119,125-129,131-133,135-137,150,151,153,155-158",9999,,66,Y,ADMIN
197,"bnej ","1-5,10,13,17-23","0-1,10-11,19",,7,Y,ADMIN
198,"bnej ","34-43,45-46,67,68,70,73,74,80,81,84,85,92-93,95-100,104-106,108-112,114-119,125-129,131-133,135-137,150,151,153,155-158","0-1,10-11,19",,67,Y,ADMIN
199,"bnej ","1-3,5,6,10,13,17-23,34-43,45-46,67,68,73,74,80,81,84,85,92-93,95-100,104-106,108-112,114-119,125-129,131-133,135-137,150,151,153,155-158","3,8",,4,Y,ADMIN
200,"bnej ","1-3,5,6,10,13,17-23",9,,2,Y,ADMIN
201,"bnej ","34-43,45-46,67,68,70,73,74,80,81,84,85,92-93,95-100,104-106,108-112,114-119,125-129,131-133,135-137,150,151,153,155-158",9,,65,Y,ADMIN
202,"bmej ","1-5,10,13,17-23","0-1,10-11,19",,7,Y,ADMIN
203,"bmej ","34-43,45-46,67,68,70,73,74,80,81,84,85,92-93,95-100,104-106,108-112,114-119,125-129,131-133,135-137,150,151,153,155-158","0-1,10-11,19",,67,Y,ADMIN
204,"bmej ","1-3,5,6,10,13,17-23,34-43,45-46,67,68,73,74,80,81,84,85,92-93,95-100,104-106,108-112,114-119,125-129,131-133,135-137,150,151,153,155-158","3,8",,4,Y,ADMIN
205,"bmej ","1-3,5,6,10,13,17-23",9,,2,Y,ADMIN
206,"bmej ","34-43,45-46,67,68,70,73,74,80,81,84,85,92-93,95-100,104-106,108-112,114-119,125-129,131-133,135-137,150,151,153,155-158",9,,65,Y,ADMIN
207,bbfej,"1-5,10,13,17-23",9999,,7,Y,ADMIN
208,bbfej,"34-43,45-46,67,68,70,73,74,80,81,84,85,92-93,95-100,104-106,108-112,114-119,125-129,131-133,135-137,150,151,153,155-158",9999,,67,Y,ADMIN
209,bnfej,"1-5,10,13,17-23",9999,,7,Y,ALL
210,bnfej,"34-43,45-46,67,68,70,73,74,80,81,84,85,92-93,95-100,104-106,108-112,114-119,125-129,131-133,135-137,150,151,153,155-158",9999,,67,Y,ADMIN
211,befej,"1-5,10,13,17-23",9999,,7,Y,ALL
212,befej,"34-43,45-46,67,68,70,73,74,80,81,84,85,92-93,95-100,104-106,108-112,114-119,125-129,131-133,135-137,150,151,153,155-158",9999,,67,Y,ADMIN
213,bgfej,"1-5,10,13,17-23",9999,,7,Y,ALL
214,bgfej,"34-43,45-46,67,68,70,73,74,80,81,84,85,92-93,95-100,104-106,108-112,114-119,125-129,131-133,135-137,150,151,153,155-158",9999,,67,Y,ADMIN
215,bmfej,"1-5,10,13,17-23",9999,,7,Y,ALL
216,bmfej,"34-43,45-46,67,68,70,73,74,80,81,84,85,92-93,95-100,104-106,108-112,114-119,125-129,131-133,135-137,150,151,153,155-158",9999,,67,Y,ADMIN
217,beffa,"1-3,5,10,13,17-23",9999,,6,Y,ALL
218,beffa,"34-43,45-46,67,68,70,73,74,80,81,84,85,92-93,95-100,104-106,108-112,114-119,125-129,131-133,135-137,150,151,153,155-158",9999,,66,Y,ADMIN
219,bgffa,"1-3,5,10,13,17-23",9999,,6,Y,ALL
220,bgffa,"34-43,45-46,67,68,70,73,74,80,81,84,85,92-93,95-100,104-106,108-112,114-119,125-129,131-133,135-137,150,151,153,155-158",9999,,66,Y,ADMIN
221,bmffa,"1-3,5,10,13,17-23",9999,,6,Y,ALL
222,bmffa,"34-43,45-46,67,68,70,73,74,80,81,84,85,92-93,95-100,104-106,108-112,114-119,125-129,131-133,135-137,150,151,153,155-158",9999,,66,Y,ADMIN
223,befla,"1-3,5,10,13,17-23",9999,,6,Y,ALL
224,befla,"34-43,45-46,67,68,70,73,74,80,81,84,85,92-93,95-100,104-106,108-112,114-119,125-129,131-133,135-137,150,151,153,155-158",9999,,66,Y,ADMIN
225,bgfla,"1-3,5,10,13,17-23",9999,,6,Y,ALL
226,bgfla,"34-43,45-46,67,68,70,73,74,80,81,84,85,92-93,95-100,104-106,108-112,114-119,125-129,131-133,135-137,150,151,153,155-158",9999,,66,Y,ADMIN
227,bmfla,"1-3,5,10,13,17-23",9999,,6,Y,ALL
228,bmfla,"34-43,45-46,67,68,70,73,74,80,81,84,85,92-93,95-100,104-106,108-112,114-119,125-129,131-133,135-137,150,151,153,155-158",9999,,66,Y,ADMIN
229,bbfma,"1-3,5,10,13,17-23",9999,,6,Y,ADMIN
230,bbfma,"34-43,45-46,67,68,70,73,74,80,81,84,85,92-93,95-100,104-106,108-112,114-119,125-129,131-133,135-137,150,151,153,155-158",9999,,66,Y,ADMIN
231,befma,"1-3,5,10,13,17-23",9999,,6,Y,ALL
232,befma,"34-43,45-46,67,68,70,73,74,80,81,84,85,92-93,95-100,104-106,108-112,114-119,125-129,131-133,135-137,150,151,153,155-158",9999,,66,Y,ADMIN
233,bgfma,"1-3,5,10,13,17-23",9999,,6,Y,ALL
234,bgfma,"34-43,45-46,67,68,70,73,74,80,81,84,85,92-93,95-100,104-106,108-112,114-119,125-129,131-133,135-137,150,151,153,155-158",9999,,66,Y,ADMIN
235,bnfma,"1-3,5,10,13,17-23",9999,,6,Y,ALL
236,bnfma,"34-43,45-46,67,68,70,73,74,80,81,84,85,92-93,95-100,104-106,108-112,114-119,125-129,131-133,135-137,150,151,153,155-158",9999,,66,Y,ADMIN
237,bmfma,"1-3,5,10,13,17-23",9999,,6,Y,ALL
238,bmfma,"34-43,45-46,67,68,70,73,74,80,81,84,85,92-93,95-100,104-106,108-112,114-119,125-129,131-133,135-137,150,151,153,155-158",9999,,66,Y,ADMIN
239,bbfmx,"1-3,5,10,13,17-23",9999,,6,Y,ADMIN
240,bbfmx,"34-43,45-46,67,68,70,73,74,80,81,84,85,92-93,95-100,104-106,108-112,114-119,125-129,131-133,135-137,150,151,153,155-158",9999,,66,Y,ADMIN
241,bmfmx,"1-3,5,10,13,17-23",9999,,6,Y,ALL
242,bmfmx,"34-43,45-46,67,68,70,73,74,80,81,84,85,92-93,95-100,104-106,108-112,114-119,125-129,131-133,135-137,150,151,153,155-158",9999,,66,Y,ADMIN
243,bnfmx,"1-3,5,10,13,17-23",9999,,6,Y,ADMIN
244,bnfmx,"34-43,45-46,67,68,70,73,74,80,81,84,85,92-93,95-100,104-106,108-112,114-119,125-129,131-133,135-137,150,151,153,155-158",9999,,66,Y,ADMIN
245,bbfpj,"1-5,10,13,17-23",9999,,7,Y,ADMIN
246,bbfpj,"34-43,45-46,67,68,70,73,74,80,81,84,85,92-93,95-100,104-106,108-112,114-119,125-129,131-133,135-137,150,151,153,155-158",9999,,67,Y,ADMIN
247,bnfpj,"1-5,10,13,17-23",9999,,7,Y,ALL
248,bnfpj,"34-43,45-46,67,68,70,73,74,80,81,84,85,92-93,95-100,104-106,108-112,114-119,125-129,131-133,135-137,150,151,153,155-158",9999,,67,Y,ADMIN
249,befpj,"1-5,10,13,17-23",9999,,7,Y,ALL
250,befpj,"34-43,45-46,67,68,70,73,74,80,81,84,85,92-93,95-100,104-106,108-112,114-119,125-129,131-133,135-137,150,151,153,155-158",9999,,67,Y,ADMIN
251,befbj,"1-5,10,13,17-23",9999,,7,Y,ALL
252,befbj,"34-43,45-46,67,68,70,73,74,80,81,84,85,92-93,95-100,104-106,108-112,114-119,125-129,131-133,135-137,150,151,153,155-158",9999,,67,Y,ADMIN
253,bepxj,"1-5,10,13,17-23",9999,,7,Y,ALL
254,bepxj,"34-43,45-46,67,68,70,73,74,80,81,84,85,92-93,95-100,104-106,108-112,114-119,125-129,131-133,135-137,150,151,153,155-158",9999,,67,Y,ADMIN
255,bgfpj,"1-5,10,13,17-23",9999,,7,Y,ALL
256,bgfpj,"34-43,45-46,67,68,70,73,74,80,81,84,85,92-93,95-100,104-106,108-112,114-119,125-129,131-133,135-137,150,151,153,155-158",9999,,67,Y,ADMIN
257,bgpxj,"1-5,10,13,17-23",9999,,7,Y,ALL
258,bgpxj,"34-43,45-46,67,68,70,73,74,80,81,84,85,92-93,95-100,104-106,108-112,114-119,125-129,131-133,135-137,150,151,153,155-158",9999,,67,Y,ADMIN
259,bgfbj,"1-5,10,13,17-23",9999,,7,Y,ALL
260,bgfbj,"34-43,45-46,67,68,70,73,74,80,81,84,85,92-93,95-100,104-106,108-112,114-119,125-129,131-133,135-137,150,151,153,155-158",9999,,67,Y,ADMIN
261,bmfpj,"1-5,10,13,17-23",9999,,7,Y,ALL
262,bmfpj,"34-43,45-46,67,68,70,73,74,80,81,84,85,92-93,95-100,104-106,108-112,114-119,125-129,131-133,135-137,150,151,153,155-158",9999,,67,Y,ADMIN
263,bmfbj,"1-5,10,13,17-23",9999,,7,Y,ALL
264,bmfbj,"34-43,45-46,67,68,70,73,74,80,81,84,85,92-93,95-100,104-106,108-112,114-119,125-129,131-133,135-137,150,151,153,155-158",9999,,67,Y,ADMIN
265,bbpxj,"1-5,10,13,17-23",9999,,7,Y,ADMIN
266,bbpxj,"34-43,45-46,67,68,70,73,74,80,81,84,85,92-93,95-100,104-106,108-112,114-119,125-129,131-133,135-137,150,151,153,155-158",9999,,67,Y,ADMIN
267,bmpxj,"1-5,10,13,17-23",9999,,7,Y,ALL
268,bmpxj,"34-43,45-46,67,68,70,73,74,80,81,84,85,92-93,95-100,104-106,108-112,114-119,125-129,131-133,135-137,150,151,153,155-158",9999,,67,Y,ADMIN
269,bnpxj,"1-5,10,13,17-23",9999,,7,Y,ADMIN
270,bnpxj,"34-43,45-46,67,68,70,73,74,80,81,84,85,92-93,95-100,104-106,108-112,114-119,125-129,131-133,135-137,150,151,153,155-158",9999,,67,Y,ADMIN
271,bbfxj,"1-5,10,13,17-23",9999,,7,Y,ADMIN
272,bbfxj,"34-43,45-46,67,68,70,73,74,80,81,84,85,92-93,95-100,104-106,108-112,114-119,125-129,131-133,135-137,150,151,153,155-158",9999,,67,Y,ADMIN
273,befxj,"1-5,10,13,17-23",9999,,7,Y,ALL
274,befxj,"34-43,45-46,67,68,70,73,74,80,81,84,85,92-93,95-100,104-106,108-112,114-119,125-129,131-133,135-137,150,151,153,155-158",9999,,67,Y,ADMIN
275,bgfxj,"1-5,10,13,17-23",9999,,7,Y,ALL
276,bgfxj,"34-43,45-46,67,68,70,73,74,80,81,84,85,92-93,95-100,104-106,108-112,114-119,125-129,131-133,135-137,150,151,153,155-158",9999,,67,Y,ADMIN
277,bmfxj,"1-5,10,13,17-23",9999,,7,Y,ALL
278,bmfxj,"34-43,45-46,67,68,70,73,74,80,81,84,85,92-93,95-100,104-106,108-112,114-119,125-129,131-133,135-137,150,151,153,155-158",9999,,67,Y,ADMIN
279,bnfxj,"1-5,10,13,17-23",9999,,7,Y,ADMIN
280,bnfxj,"34-43,45-46,67,68,70,73,74,80,81,84,85,92-93,95-100,104-106,108-112,114-119,125-129,131-133,135-137,150,151,153,155-158",9999,,67,Y,ADMIN
281,bbfsa,"1-3,5,10,13,17-23",9999,,6,Y,ADMIN
282,bbfsa,"34-43,45-46,67,68,70,73,74,80,81,84,85,92-93,95-100,104-106,108-112,114-119,125-129,131-133,135-137,150,151,153,155-158",9999,,66,Y,ADMIN
283,befsa,"1-3,5,10,13,17-23",9999,,6,Y,ALL
284,befsa,"34-43,45-46,67,68,70,73,74,80,81,84,85,92-93,95-100,104-106,108-112,114-119,125-129,131-133,135-137,150,151,153,155-158",9999,,66,Y,ADMIN
285,bgfsa,"1-3,5,10,13,17-23",9999,,6,Y,ALL
286,bgfsa,"34-43,45-46,67,68,70,73,74,80,81,84,85,92-93,95-100,104-106,108-112,114-119,125-129,131-133,135-137,150,151,153,155-158",9999,,66,Y,ADMIN
287,bnfsa,"1-3,5,10,13,17-23",9999,,6,Y,ALL
288,bnfsa,"34-43,45-46,67,68,70,73,74,80,81,84,85,92-93,95-100,104-106,108-112,114-119,125-129,131-133,135-137,150,151,153,155-158",9999,,66,Y,ADMIN
289,bmfsa,"1-3,5,10,13,17-23",9999,,6,Y,ALL
290,bmfsa,"34-43,45-46,67,68,70,73,74,80,81,84,85,92-93,95-100,104-106,108-112,114-119,125-129,131-133,135-137,150,151,153,155-158",9999,,66,Y,ADMIN
291,bbfsx,"1-3,5,10,13,17-23",9999,,6,Y,ADMIN
292,bbsfx,"34-43,45-46,67,68,70,73,74,80,81,84,85,92-93,95-100,104-106,108-112,114-119,125-129,131-133,135-137,150,151,153,155-158",9999,,66,Y,ADMIN
293,bmfsx,"1-3,5,10,13,17-23",9999,,6,Y,ALL
294,bmfsx,"34-43,45-46,67,68,70,73,74,80,81,84,85,92-93,95-100,104-106,108-112,114-119,125-129,131-133,135-137,150,151,153,155-158",9999,,66,Y,ADMIN
295,bnfsx,"1-3,5,10,13,17-23",9999,,6,Y,ADMIN
296,bnfsx,"34-43,45-46,67,68,70,73,74,80,81,84,85,92-93,95-100,104-106,108-112,114-119,125-129,131-133,135-137,150,151,153,155-158",9999,,66,Y,ADMIN
297,belfa,"1-3,5,10,13,17-23",9999,,6,Y,ALL
298,belfa,"34-43,45-46,67,68,70,73,74,80,81,84,85,92-93,95-100,104-106,108-112,114-119,125-129,131-133,135-137,150,151,153,155-158",9999,,66,Y,ADMIN
299,bglfa,"1-3,5,10,13,17-23",9999,,6,Y,ALL
300,bglfa,"34-43,45-46,67,68,70,73,74,80,81,84,85,92-93,95-100,104-106,108-112,114-119,125-129,131-133,135-137,150,151,153,155-158",9999,,66,Y,ADMIN
301,bnlfj,"1-5,10,13,17-23",9999,,7,Y,ALL
302,bnlfj,"34-43,45-46,67,68,70,73,74,80,81,84,85,92-93,95-100,104-106,108-112,114-119,125-129,131-133,135-137,150,151,153,155-158",9999,,67,Y,ADMIN
303,belfj,"1-5,10,13,17-23",9999,,7,Y,ALL
304,belfj,"34-43,45-46,67,68,70,73,74,80,81,84,85,92-93,95-100,104-106,108-112,114-119,125-129,131-133,135-137,150,151,153,155-158",9999,,67,Y,ADMIN
305,bglfj,"1-5,10,13,17-23",9999,,7,Y,ALL
306,bglfj,"34-43,45-46,67,68,70,73,74,80,81,84,85,92-93,95-100,104-106,108-112,114-119,125-129,131-133,135-137,150,151,153,155-158",9999,,67,Y,ADMIN
307,bmlfj,"1-5,10,13,17-23",9999,,7,Y,ALL
308,bmlfj,"34-43,45-46,67,68,70,73,74,80,81,84,85,92-93,95-100,104-106,108-112,114-119,125-129,131-133,135-137,150,151,153,155-158",9999,,67,Y,ADMIN
309,bblpa,"1-3,5,10,13,17-23",9999,,6,Y,ADMIN
310,bblpa,"34-43,45-46,67,68,70,73,74,80,81,84,85,92-93,95-100,104-106,108-112,114-119,125-129,131-133,135-137,150,151,153,155-158",9999,,66,Y,ADMIN
311,belpa,"1-3,5,10,13,17-23",9999,,6,Y,ALL
312,belpa,"34-43,45-46,67,68,70,73,74,80,81,84,85,92-93,95-100,104-106,108-112,114-119,125-129,131-133,135-137,150,151,153,155-158",9999,,66,Y,ADMIN
313,bglpa,"1-3,5,10,13,17-23",9999,,6,Y,ALL
314,bglpa,"34-43,45-46,67,68,70,73,74,80,81,84,85,92-93,95-100,104-106,108-112,114-119,125-129,131-133,135-137,150,151,153,155-158",9999,,66,Y,ADMIN
315,bmlpa,"1-3,5,10,13,17-23",9999,,6,Y,ALL
316,bmlpa,"34-43,45-46,67,68,70,73,74,80,81,84,85,92-93,95-100,104-106,108-112,114-119,125-129,131-133,135-137,150,151,153,155-158",9999,,66,Y,ADMIN
317,bnlpa,"1-3,5,10,13,17-23",9999,,6,Y,ADMIN
318,bnlpa,"34-43,45-46,67,68,70,73,74,80,81,84,85,92-93,95-100,104-106,108-112,114-119,125-129,131-133,135-137,150,151,153,155-158",9999,,66,Y,ADMIN
319,bmlpj,"1-5,10,13,17-23",9999,,7,Y,ALL
320,bmlpj,"34-43,45-46,67,68,70,73,74,80,81,84,85,92-93,95-100,104-106,108-112,114-119,125-129,131-133,135-137,150,151,153,155-158",9999,,67,Y,ADMIN
321,bemca,"1-3,5,10,13,17-23",9999,,6,Y,ALL
322,bemca,"34-43,45-46,67,68,70,73,74,80,81,84,85,92-93,95-100,104-106,108-112,114-119,125-129,131-133,135-137,150,151,153,155-158",9999,,66,Y,ADMIN
323,bgmca,"1-3,5,10,13,17-23",9999,,6,Y,ALL
324,bgmca,"34-43,45-46,67,68,70,73,74,80,81,84,85,92-93,95-100,104-106,108-112,114-119,125-129,131-133,135-137,150,151,153,155-158",9999,,66,Y,ADMIN
325,bmmca,"1-3,5,10,13,17-23",9999,,6,Y,ALL
326,bmmca,"34-43,45-46,67,68,70,73,74,80,81,84,85,92-93,95-100,104-106,108-112,114-119,125-129,131-133,135-137,150,151,153,155-158",9999,,66,Y,ADMIN
327,bemcj,"1-5,10,13,17-23",9999,,7,Y,ALL
328,bemcj,"34-43,45-46,67,68,70,73,74,80,81,84,85,92-93,95-100,104-106,108-112,114-119,125-129,131-133,135-137,150,151,153,155-158",9999,,67,Y,ADMIN
329,bgmcj,"1-5,10,13,17-23",9999,,7,Y,ALL
330,bgmcj,"34-43,45-46,67,68,70,73,74,80,81,84,85,92-93,95-100,104-106,108-112,114-119,125-129,131-133,135-137,150,151,153,155-158",9999,,67,Y,ADMIN
331,bmmcj,"1-5,10,13,17-23",9999,,7,Y,ALL
332,bmmcj,"34-43,45-46,67,68,70,73,74,80,81,84,85,92-93,95-100,104-106,108-112,114-119,125-129,131-133,135-137,150,151,153,155-158",9999,,67,Y,ADMIN
333,bbnfa,"1-3,5,10,13,17-23",9999,,6,Y,ADMIN
334,bbnfa,"34-43,45-46,67,68,70,73,74,80,81,84,85,92-93,95-100,104-106,108-112,114-119,125-129,131-133,135-137,150,151,153,155-158",9999,,66,Y,ADMIN
335,bnnfa,"1-3,5,10,13,17-23",9999,,6,Y,ALL
336,bnnfa,"34-43,45-46,67,68,70,73,74,80,81,84,85,92-93,95-100,104-106,108-112,114-119,125-129,131-133,135-137,150,151,153,155-158",9999,,66,Y,ADMIN
337,benfa,"1-3,5,10,13,17-23",9999,,6,Y,ALL
338,benfa,"34-43,45-46,67,68,70,73,74,80,81,84,85,92-93,95-100,104-106,108-112,114-119,125-129,131-133,135-137,150,151,153,155-158",9999,,66,Y,ADMIN
339,bgnfa,"1-3,5,10,13,17-23",9999,,6,Y,ALL
340,bgnfa,"34-43,45-46,67,68,70,73,74,80,81,84,85,92-93,95-100,104-106,108-112,114-119,125-129,131-133,135-137,150,151,153,155-158",9999,,66,Y,ADMIN
341,bmnfa,"1-3,5,10,13,17-23",9999,,6,Y,ALL
342,bmnfa,"34-43,45-46,67,68,70,73,74,80,81,84,85,92-93,95-100,104-106,108-112,114-119,125-129,131-133,135-137,150,151,153,155-158",9999,,66,Y,ADMIN
343,bbnfx,"1-3,5,10,13,17-23",9999,,6,Y,ADMIN
344,bbnfx,"34-43,45-46,67,68,70,73,74,80,81,84,85,92-93,95-100,104-106,108-112,114-119,125-129,131-133,135-137,150,151,153,155-158",9999,,66,Y,ADMIN
345,bmnfx,"1-3,5,10,13,17-23",9999,,6,Y,ALL
346,bmnfx,"34-43,45-46,67,68,70,73,74,80,81,84,85,92-93,95-100,104-106,108-112,114-119,125-129,131-133,135-137,150,151,153,155-158",9999,,66,Y,ADMIN
347,bnnfx,"1-3,5,10,13,17-23",9999,,6,Y,ADMIN
348,bnnfx,"34-43,45-46,67,68,70,73,74,80,81,84,85,92-93,95-100,104-106,108-112,114-119,125-129,131-133,135-137,150,151,153,155-158",9999,,66,Y,ADMIN
349,bnnfj,"1-5,10,13,17-23",9999,,7,Y,ALL
350,bnnfj,"34-43,45-46,67,68,70,73,74,80,81,84,85,92-93,95-100,104-106,108-112,114-119,125-129,131-133,135-137,150,151,153,155-158",9999,,67,Y,ADMIN
351,bbfgj,"1-5,10,13,17-23",9999,,7,Y,ADMIN
352,bbfgj,"34-43,45-46,67,68,70,73,74,80,81,84,85,92-93,95-100,104-106,108-112,114-119,125-129,131-133,135-137,150,151,153,155-158",9999,,67,Y,ADMIN
353,bnfgj,"1-5,10,13,17-23",9999,,7,Y,ALL
354,bnfgj,"34-43,45-46,67,68,70,73,74,80,81,84,85,92-93,95-100,104-106,108-112,114-119,125-129,131-133,135-137,150,151,153,155-158",9999,,67,Y,ADMIN
355,befgj,"1-5,10,13,17-23",9999,,7,Y,ALL
356,befgj,"34-43,45-46,67,68,70,73,74,80,81,84,85,92-93,95-100,104-106,108-112,114-119,125-129,131-133,135-137,150,151,153,155-158",9999,,67,Y,ADMIN
357,bgfgj,"1-5,10,13,17-23",9999,,7,Y,ALL
358,bgfgj,"34-43,45-46,67,68,70,73,74,80,81,84,85,92-93,95-100,104-106,108-112,114-119,125-129,131-133,135-137,150,151,153,155-158",9999,,67,Y,ADMIN
359,bmfgj,"1-5,10,13,17-23",9999,,7,Y,ALL
360,bmfgj,"34-43,45-46,67,68,70,73,74,80,81,84,85,92-93,95-100,104-106,108-112,114-119,125-129,131-133,135-137,150,151,153,155-158",9999,,67,Y,ADMIN
361,bbnfj,"1-5,10,13,17-23",9999,,7,Y,ADMIN
362,bbnfj,"34-43,45-46,67,68,70,73,74,80,81,84,85,92-93,95-100,104-106,108-112,114-119,125-129,131-133,135-137,150,151,153,155-158",9999,,67,Y,ADMIN
363,benfj,"1-5,10,13,17-23",9999,,7,Y,ALL
364,benfj,"34-43,45-46,67,68,70,73,74,80,81,84,85,92-93,95-100,104-106,108-112,114-119,125-129,131-133,135-137,150,151,153,155-158",9999,,67,Y,ADMIN
365,bgnfj,"1-5,10,13,17-23",9999,,7,Y,ALL
366,bgnfj,"34-43,45-46,67,68,70,73,74,80,81,84,85,92-93,95-100,104-106,108-112,114-119,125-129,131-133,135-137,150,151,153,155-158",9999,,67,Y,ADMIN
367,bmnfj,"1-5,10,13,17-23",9999,,7,Y,ALL
368,bmnfj,"34-43,45-46,67,68,70,73,74,80,81,84,85,92-93,95-100,104-106,108-112,114-119,125-129,131-133,135-137,150,151,153,155-158",9999,,67,Y,ADMIN
369,bepra,"1-3,5,6,10,13,17-23,34-43,45-46,67,68,73,74,80,81,84,85,92-93,95-100,104-106,108-112,114-119,125-129,131-133,135-137,150,151,153,155-158",3,,3,Y,ADMIN
370,bgpra,"1-3,5,6,10,13,17-23,34-43,45-46,67,68,73,74,80,81,84,85,92-93,95-100,104-106,108-112,114-119,125-129,131-133,135-137,150,151,153,155-158",3,,3,Y,ADMIN
371,bmpra,"1-3,5,6,10,13,17-23,34-43,45-46,67,68,73,74,80,81,84,85,92-93,95-100,104-106,108-112,114-119,125-129,131-133,135-137,150,151,153,155-158",3,,3,Y,ADMIN
372,bbsta,"1-3,5,10,13,17-23",9999,,6,Y,ADMIN
373,bbsta,"34-43,45-46,67,68,70,73,74,80,81,84,85,92-93,95-100,104-106,108-112,114-119,125-129,131-133,135-137,150,151,153,155-158",9999,,66,Y,ADMIN
374,bbsta,"1-3,5,6,10,13,17-23","8,9",,2,Y,ADMIN
375,bbsta,"34-43,45-46,67,68,70,73,74,80,81,84,85,92-93,95-100,104-106,108-112,114-119,125-129,131-133,135-137,150,151,153,155-158","8,9",,65,Y,ADMIN
376,besta,"1-3,5,10,13,17-23",9999,,6,Y,ALL
377,besta,"34-43,45-46,67,68,70,73,74,80,81,84,85,92-93,95-100,104-106,108-112,114-119,125-129,131-133,135-137,150,151,153,155-158",9999,,66,Y,ADMIN
378,besta,"1-3,5,6,10,13,17-23","8,9",,2,Y,ALL
379,besta,"34-43,45-46,67,68,70,73,74,80,81,84,85,92-93,95-100,104-106,108-112,114-119,125-129,131-133,135-137,150,151,153,155-158","8,9",,66,Y,ADMIN
380,bgsta,"1-3,5,10,13,17-23",9999,,6,Y,ALL
381,bgsta,"34-43,45-46,67,68,70,73,74,80,81,84,85,92-93,95-100,104-106,108-112,114-119,125-129,131-133,135-137,150,151,153,155-158",9999,,66,Y,ADMIN
382,bgsta,"1-3,5,6,10,13,17-23","8,9",,2,Y,ALL
383,bgsta,"34-43,45-46,67,68,70,73,74,80,81,84,85,92-93,95-100,104-106,108-112,114-119,125-129,131-133,135-137,150,151,153,155-158","8,9",,65,Y,ADMIN
384,bmsta,"1-3,5,10,13,17-23",9999,,6,Y,ALL
385,bmsta,"34-43,45-46,67,68,70,73,74,80,81,84,85,92-93,95-100,104-106,108-112,114-119,125-129,131-133,135-137,150,151,153,155-158",9999,,66,Y,ADMIN
386,bmsta,"1-3,5,6,10,13,17-23","8,9",,2,Y,ALL
387,bmsta,"34-43,45-46,67,68,70,73,74,80,81,84,85,92-93,95-100,104-106,108-112,114-119,125-129,131-133,135-137,150,151,153,155-158","8,9",,65,Y,ADMIN
388,bnsta,"1-3,5,10,13,17-23",9999,,6,Y,ALL
389,bnsta,"34-43,45-46,67,68,70,73,74,80,81,84,85,92-93,95-100,104-106,108-112,114-119,125-129,131-133,135-137,150,151,153,155-158",9999,,66,Y,ADMIN
390,bnsta,"1-3,5,6,10,13,17-23","8,9",,2,Y,ALL
391,bnsta,"34-43,45-46,67,68,70,73,74,80,81,84,85,92-93,95-100,104-106,108-112,114-119,125-129,131-133,135-137,150,151,153,155-158","8,9",,65,Y,ADMIN
392,bbstj,"1-3,5,10,13,17-23,34-43,45-46,67,68,70,73,74,80,81,84,85,92-93,95-100,104-106,108-112,114-119,125-129,131-133,135-137,150,151,153,155-158",9999,,6,Y,ADMIN
393,bbsfj,"1-3,5,10,13,17-23,34-43,45-46,67,68,70,73,74,80,81,84,85,92-93,95-100,104-106,108-112,114-119,125-129,131-133,135-137,150,151,153,155-158",9999,,6,Y,ADMIN
394,bbspj,"1-3,5,10,13,17-23,34-43,45-46,67,68,70,73,74,80,81,84,85,92-93,95-100,104-106,108-112,114-119,125-129,131-133,135-137,150,151,153,155-158",9999,,6,Y,ADMIN
395,bmstj,"1-3,5,10,13,17-23,34-43,45-46,67,68,70,73,74,80,81,84,85,92-93,95-100,104-106,108-112,114-119,125-129,131-133,135-137,150,151,153,155-158",9999,,6,Y,ADMIN
396,bmsfj,"1-3,5,10,13,17-23,34-43,45-46,67,68,70,73,74,80,81,84,85,92-93,95-100,104-106,108-112,114-119,125-129,131-133,135-137,150,151,153,155-158",9999,,6,Y,ADMIN
397,bmsej,"1-3,5,10,13,17-23,34-43,45-46,67,68,70,73,74,80,81,84,85,92-93,95-100,104-106,108-112,114-119,125-129,131-133,135-137,150,151,153,155-158",9999,,6,Y,ADMIN
398,bmspj,"1-3,5,10,13,17-23,34-43,45-46,67,68,70,73,74,80,81,84,85,92-93,95-100,104-106,108-112,114-119,125-129,131-133,135-137,150,151,153,155-158",9999,,6,Y,ADMIN
399,bespj,"1-3,5,10,13,17-23,34-43,45-46,67,68,70,73,74,80,81,84,85,92-93,95-100,104-106,108-112,114-119,125-129,131-133,135-137,150,151,153,155-158",9999,,6,Y,ADMIN
400,besfj,"1-3,5,10,13,17-23,34-43,45-46,67,68,70,73,74,80,81,84,85,92-93,95-100,104-106,108-112,114-119,125-129,131-133,135-137,150,151,153,155-158",9999,,6,Y,ADMIN
401,bestj,"1-3,5,10,13,17-23,34-43,45-46,67,68,70,73,74,80,81,84,85,92-93,95-100,104-106,108-112,114-119,125-129,131-133,135-137,150,151,153,155-158",9999,,6,Y,ADMIN
402,bgstj,"1-3,5,10,13,17-23,34-43,45-46,67,68,70,73,74,80,81,84,85,92-93,95-100,104-106,108-112,114-119,125-129,131-133,135-137,150,151,153,155-158",9999,,6,Y,ADMIN
403,bgsfj,"1-3,5,10,13,17-23,34-43,45-46,67,68,70,73,74,80,81,84,85,92-93,95-100,104-106,108-112,114-119,125-129,131-133,135-137,150,151,153,155-158",9999,,6,Y,ADMIN
404,bgspj,"1-3,5,10,13,17-23,34-43,45-46,67,68,70,73,74,80,81,84,85,92-93,95-100,104-106,108-112,114-119,125-129,131-133,135-137,150,151,153,155-158",9999,,6,Y,ADMIN
405,bnstj,"1-3,5,10,13,17-23,34-43,45-46,67,68,70,73,74,80,81,84,85,92-93,95-100,104-106,108-112,114-119,125-129,131-133,135-137,150,151,153,155-158",9999,,6,Y,ADMIN
406,bnsfj,"1-3,5,10,13,17-23,34-43,45-46,67,68,70,73,74,80,81,84,85,92-93,95-100,104-106,108-112,114-119,125-129,131-133,135-137,150,151,153,155-158",9999,,6,Y,ADMIN
407,bnspj,"1-3,5,10,13,17-23,34-43,45-46,67,68,70,73,74,80,81,84,85,92-93,95-100,104-106,108-112,114-119,125-129,131-133,135-137,150,151,153,155-158",9999,,6,Y,ADMIN
408,bmvmj,6,"7,8,9",,11,Y,ADMIN
409,bmvmj,"1-5,7-8,10,12,13,17-23,34-43,45-46,67,68,70,73,74,80,81,95-100,104-106,108-112,114-119,125-129,131-133,135-137,150,151,153,155-158","7,8,9,20",,83,Y,ADMIN
410,bgbfa,"1-3,5,10,13,17-23",9999,,6,Y,ALL
411,bgbfa,"34-43,45-46,67,68,70,73,74,80,81,84,85,92-93,95-100,104-106,108-112,114-119,125-129,131-133,135-137,150,151,153,155-158",9999,,66,Y,ADMIN
412,bgbsa,"1-3,5,10,13,17-23",9999,,6,Y,ALL
413,bgbsa,"34-43,45-46,67,68,70,73,74,80,81,84,85,92-93,95-100,104-106,108-112,114-119,125-129,131-133,135-137,150,151,153,155-158",9999,,66,Y,ADMIN
414,bgbsj,"1-5,10,13,17-23",9999,,7,Y,ALL
415,bgbsj,"34-43,45-46,67,68,70,73,74,80,81,84,85,92-93,95-100,104-106,108-112,114-119,125-129,131-133,135-137,150,151,153,155-158",9999,,67,Y,ADMIN
416,bgbsm,"1-3,5,10,13,17-23",9999,,6,Y,ALL
417,bgbsm,"34-43,45-46,67,68,70,73,74,80,81,84,85,92-93,95-100,104-106,108-112,114-119,125-129,131-133,135-137,150,151,153,155-158",9999,,66,Y,ADMIN
418,bbaaa,"1-3,5,10,13,17-23",9999,,6,Y,ADMIN
419,bbaaa,"34-43,45-46,67,68,70,73,74,80,81,84,85,92-93,95-100,104-106,108-112,114-119,125-129,131-133,135-137,150,151,153,155-158",9999,,66,Y,ADMIN
420,bmaaa,"1-3,5,10,13,17-23",9999,,6,Y,ALL
421,bmaaa,"34-43,45-46,67,68,70,73,74,80,81,84,85,92-93,95-100,104-106,108-112,114-119,125-129,131-133,135-137,150,151,153,155-158",9999,,66,Y,ADMIN
422,bmaaj,"1-5,10,13,17-23",9999,,7,Y,ALL
423,bmaaj,"34-43,45-46,67,68,70,73,74,80,81,84,85,92-93,95-100,104-106,108-112,114-119,125-129,131-133,135-137,150,151,153,155-158",9999,,67,Y,ADMIN
424,bmaba,"1-3,5,10,13,17-23",9999,,6,Y,ALL
425,bmaba,"34-43,45-46,67,68,70,73,74,80,81,84,85,92-93,95-100,104-106,108-112,114-119,125-129,131-133,135-137,150,151,153,155-158",9999,,66,Y,ADMIN
426,bmabj,"1-5,10,13,17-23",9999,,7,Y,ALL
427,bmabj,"34-43,45-46,67,68,70,73,74,80,81,84,85,92-93,95-100,104-106,108-112,114-119,125-129,131-133,135-137,150,151,153,155-158",9999,,67,Y,ADMIN
428,bmaca,"1-3,5,10,13,17-23",9999,,6,Y,ALL
429,bmaca,"34-43,45-46,67,68,70,73,74,80,81,84,85,92-93,95-100,104-106,108-112,114-119,125-129,131-133,135-137,150,151,153,155-158",9999,,66,Y,ADMIN
430,bmacj,"1-5,10,13,17-23",9999,,7,Y,ALL
431,bmacj,"34-43,45-46,67,68,70,73,74,80,81,84,85,92-93,95-100,104-106,108-112,114-119,125-129,131-133,135-137,150,151,153,155-158",9999,,67,Y,ADMIN
432,bmapa,"1-3,5,6,10,13,17-23,34-43,45-46,67,68,73,74,80,81,84,85,92-93,95-100,104-106,108-112,114-119,125-129,131-133,135-137,150,151,153,155-158",3,,3,Y,ADMIN
433,bmapj,"1-3,5,6,10,13,17-23,34-43,45-46,67,68,73,74,80,81,84,85,92-93,95-100,104-106,108-112,114-119,125-129,131-133,135-137,150,151,153,155-158",3,,4,Y,ADMIN
434,bmava,"1-3,5,6,10,13,17-23","8,9",,2,Y,ALL
435,bmava,"34-43,45-46,67,68,70,73,74,80,81,84,85,92-93,95-100,104-106,108-112,114-119,125-129,131-133,135-137,150,151,153,155-158","8,9",,65,Y,ADMIN
436,bmavj,"1-3,5,6,10,13,17-23,34-43,45-46,67,68,73,74,80,81,84,85,92-93,95-100,104-106,108-112,114-119,125-129,131-133,135-137,150,151,153,155-158","8,9",,4,Y,ADMIN
437,bmbba,"1-13,17-23,34-43,45-46,67,68,73,74,80,81,84,85,92-93,95-100,104-106,108-112,114-119,125-129,131-133,135-137,150,151,153,155-158",9999,,81,Y,ADMIN
438,bmbba,"8,9,12,70",9999,,82,Y,ADMIN
439,bmbfa,"1-3,5,10,13,17-23",9999,,6,Y,ALL
440,bmbfa,"34-43,45-46,67,68,70,73,74,80,81,84,85,92-93,95-100,104-106,108-112,114-119,125-129,131-133,135-137,150,151,153,155-158",9999,,66,Y,ADMIN
441,bmbsa,"1-3,5,10,13,17-23",9999,,6,Y,ALL
442,bmbsa,"34-43,45-46,67,68,70,73,74,80,81,84,85,92-93,95-100,104-106,108-112,114-119,125-129,131-133,135-137,150,151,153,155-158",9999,,66,Y,ADMIN
443,bmbsj,"1-5,10,13,17-23",9999,,7,Y,ALL
444,bmbsj,"34-43,45-46,67,68,70,73,74,80,81,84,85,92-93,95-100,104-106,108-112,114-119,125-129,131-133,135-137,150,151,153,155-158",9999,,67,Y,ADMIN
445,bmbsm,"1-3,5,10,13,17-23",9999,,6,Y,ALL
446,bmlca,"1-5,10,13,17-23",9999,,7,Y,ALL
447,bmlca,"34-43,45-46,67,68,70,73,74,80,81,84,85,92-93,95-100,104-106,108-112,114-119,125-129,131-133,135-137,150,151,153,155-158",9999,,67,Y,ADMIN
448,bmnpj,"1-3,5,10,13,17-23",9999,,6,Y,ALL
449,bmnpj,"34-43,45-46,67,68,70,73,74,80,81,84,85,92-93,95-100,104-106,108-112,114-119,125-129,131-133,135-137,150,151,153,155-158",9999,,66,Y,ADMIN
450,bmsto,"1-3,5,10,13,17-23",9999,,6,Y,ALL
451,bmsto,"34-43,45-46,67,68,70,73,74,80,81,84,85,92-93,95-100,104-106,108-112,114-119,125-129,131-133,135-137,150,151,153,155-158",9999,,66,Y,ADMIN
452,bmvpj,"1-3,5,6,10,13,17-23",9,,2,Y,ALL
453,bmvpj,"34-43,45-46,67,68,70,73,74,80,81,84,85,92-93,95-100,104-106,108-112,114-119,125-129,131-133,135-137,150,151,153,155-158",9,,65,Y,ADMIN
454,bbvd*,"1-3,5,6,10,13,17-23",9,,2,Y,ADMIN
455,bbvd*,"34-43,45-46,67,68,70,73,74,80,81,84,85,92-93,95-100,104-106,108-112,114-119,125-129,131-133,135-137,150,151,153,155-158",9,,65,Y,ADMIN
456,bnvd*,"1-3,5,6,10,13,17-23",9,,2,Y,ALL
457,bnvd*,"34-43,45-46,67,68,70,73,74,80,81,84,85,92-93,95-100,104-106,108-112,114-119,125-129,131-133,135-137,150,151,153,155-158",9,,65,Y,ADMIN
458,bevd*,"1-3,5,6,10,13,17-23",9,,2,Y,ALL
459,bevd*,"34-43,45-46,67,68,70,73,74,80,81,84,85,92-93,95-100,104-106,108-112,114-119,125-129,131-133,135-137,150,151,153,155-158",9,,65,Y,ADMIN
460,bgvd*,"1-3,5,6,10,13,17-23",9,,2,Y,ALL
461,bgvd*,"34-43,45-46,67,68,70,73,74,80,81,84,85,92-93,95-100,104-106,108-112,114-119,125-129,131-133,135-137,150,151,153,155-158",9,,65,Y,ADMIN
462,bmvd*,"1-3,5,6,10,13,17-23",9,,2,Y,ALL
463,bmvd*,"34-43,45-46,67,68,70,73,74,80,81,84,85,92-93,95-100,104-106,108-112,114-119,125-129,131-133,135-137,150,151,153,155-158",9,,65,Y,ADMIN
464,"bmd* ","1-3,5,6,10,13,17-23",9,,2,Y,ADMIN
465,"bmd* ","34-43,45-46,67,68,70,73,74,80,81,84,85,92-93,95-100,104-106,108-112,114-119,125-129,131-133,135-137,150,151,153,155-158",9,,65,Y,ADMIN
466,bbvd*,"1-3,5,10,13,17-23",24,,6,Y,ADMIN
467,bbvd*,"34-43,45-46,67,68,70,73,74,80,81,84,85,92-93,95-100,104-106,108-112,114-119,125-129,131-133,135-137,150,151,153,155-158",24,,66,Y,ADMIN
468,bnvd*,"1-3,5,10,13,17-23",24,,6,Y,ALL
469,bnvd*,"34-43,45-46,67,68,70,73,74,80,81,84,85,92-93,95-100,104-106,108-112,114-119,125-129,131-133,135-137,150,151,153,155-158",24,,66,Y,ADMIN
470,bevd*,"1-3,5,10,13,17-23",24,,6,Y,ALL
471,bevd*,"34-43,45-46,67,68,70,73,74,80,81,84,85,92-93,95-100,104-106,108-112,114-119,125-129,131-133,135-137,150,151,153,155-158",24,,66,Y,ADMIN
472,bgvd*,"1-3,5,10,13,17-23",24,,6,Y,ALL
473,bgvd*,"34-43,45-46,67,68,70,73,74,80,81,84,85,92-93,95-100,104-106,108-112,114-119,125-129,131-133,135-137,150,151,153,155-158",24,,66,Y,ADMIN
474,bmvd*,"1-3,5,10,13,17-23",24,,6,Y,ALL
475,bmvd*,"34-43,45-46,67,68,70,73,74,80,81,84,85,92-93,95-100,104-106,108-112,114-119,125-129,131-133,135-137,150,151,153,155-158",24,,66,Y,ADMIN
476,"bmd* ","1-3,5,10,13,17-23",24,,6,Y,ADMIN
477,"bmd* ","34-43,45-46,67,68,70,73,74,80,81,84,85,92-93,95-100,104-106,108-112,114-119,125-129,131-133,135-137,150,151,153,155-158",24,,66,Y,ADMIN
478,"be*  ",14,"0-3,5,7,10-13,19",,10,Y,ALL
479,"bg*  ",14,"0-3,5,7,10-13,19",,10,Y,ALL
480,"bm*  ",14,"0-3,5,7,10-13,19",,10,Y,ALL
481,bev*,14,"8,9",,15,Y,ALL
482,bgv*,14,"8,9",,15,Y,ALL
483,bmv*,14,"8,9",,15,Y,ALL
484,bnr*,9999,9999,,1,Y,ADMIN
485,bbr*,9999,9999,,1,Y,ADMIN
486,ber*,9999,9999,,1,Y,ALL
487,bgr*,9999,9999,,1,Y,ALL
488,"bmr* ",9999,9999,,1,Y,ALL
489,bnr*,6,9999,,11,Y,ADMIN
490,bbr*,6,9999,,11,Y,ADMIN
491,ber*,6,9999,,11,Y,ADMIN
492,bgr*,6,9999,,11,Y,ADMIN
493,bmr*,6,9999,,11,Y,ADMIN
494,bbraj,"1-5,8,10,11,17-23",19,,7,Y,ADMIN
495,bnraj,"1-5,8,10,11,17-23",19,,7,Y,ADMIN
496,bgraj,"1-5,8,10,11,17-23",19,,7,Y,ADMIN
497,beraj,"1-5,8,10,11,17-23",19,,7,Y,ADMIN
498,bmraj,"1-5,8,10,11,17-23",19,,7,Y,ADMIN
499,bbraj,"34-43,45-46,67,68,70,73,74,80,81,84,85,92-93,95-100,104-106,108-112,114-119,125-129,131-133,135-137,150,151,153,155-158",19,,67,Y,ADMIN
500,bnraj,"34-43,45-46,67,68,70,73,74,80,81,84,85,92-93,95-100,104-106,108-112,114-119,125-129,131-133,135-137,150,151,153,155-158",19,,67,Y,ADMIN
501,bgraj,"34-43,45-46,67,68,70,73,74,80,81,84,85,92-93,95-100,104-106,108-112,114-119,125-129,131-133,135-137,150,151,153,155-158",19,,67,Y,ADMIN
502,beraj,"34-43,45-46,67,68,70,73,74,80,81,84,85,92-93,95-100,104-106,108-112,114-119,125-129,131-133,135-137,150,151,153,155-158",19,,67,Y,ADMIN
503,bmraj,"34-43,45-46,67,68,70,73,74,80,81,84,85,92-93,95-100,104-106,108-112,114-119,125-129,131-133,135-137,150,151,153,155-158",19,,67,Y,ADMIN
504,bmrfa,"1-3,5,6,10,13,17-23","8,9",,2,Y,ADMIN
505,bmrfa,"34-43,45-46,67,68,70,73,74,80,81,84,85,92-93,95-100,104-106,108-112,114-119,125-129,131-133,135-137,150,151,153,155-158","8,9",,65,Y,ADMIN
506,bbrcj,"1-3,5,6,10,13,17-23,34-43,45-46,67,68,73,74,80,81,84,85,92-93,95-100,104-106,108-112,114-119,125-129,131-133,135-137,150,151,153,155-158",9999,,9,Y,ADMIN
507,bnrcj,"1-3,5,6,10,13,17-23,34-43,45-46,67,68,73,74,80,81,84,85,92-93,95-100,104-106,108-112,114-119,125-129,131-133,135-137,150,151,153,155-158",9999,,9,Y,ADMIN
508,bmrcj,"1-3,5,6,10,13,17-23,34-43,45-46,67,68,73,74,80,81,84,85,92-93,95-100,104-106,108-112,114-119,125-129,131-133,135-137,150,151,153,155-158",9999,,9,Y,ADMIN
509,bmrlj,"1-5,10,13,17-23,34-43,45-46,67,68,73,74,80,81,84,85,92-93,95-100,104-106,108-112,114-119,125-129,131-133,135-137,150,151,153,155-158",9999,,7,Y,ADMIN
510,bmara,"1-3,5,10,13,17-23",9999,,6,Y,ALL
511,bmara,"34-43,45-46,67,68,70,73,74,80,81,84,85,92-93,95-100,104-106,108-112,114-119,125-129,131-133,135-137,150,151,153,155-158",9999,,66,Y,ADMIN
512,befcx,"1-3,5,10,13,17-23",9999,,6,Y,ALL
513,befcx,"34-43,45-46,67,68,70,73,74,80,81,84,85,92-93,95-100,104-106,108-112,114-119,125-129,131-133,135-137,150,151,153,155-158",9999,,66,Y,ADMIN
514,befsx,"1-3,5,10,13,17-23",9999,,6,Y,ALL
515,befsx,"34-43,45-46,67,68,70,73,74,80,81,84,85,92-93,95-100,104-106,108-112,114-119,125-129,131-133,135-137,150,151,153,155-158",9999,,66,Y,ADMIN
516,befmx,"1-3,5,10,13,17-23",9999,,6,Y,ALL
517,befmx,"34-43,45-46,67,68,70,73,74,80,81,84,85,92-93,95-100,104-106,108-112,114-119,125-129,131-133,135-137,150,151,153,155-158",9999,,66,Y,ADMIN
518,benfx,"34-43,45-46,67,68,70,73,74,80,81,84,85,92-93,95-100,104-106,108-112,114-119,125-129,131-133,135-137,150,151,153,155-158",9999,,66,Y,ADMIN
519,benfx,"1-3,5,10,13,17-23",9999,,6,Y,ALL
520,bercj,"1-3,5,6,10,13,17-23,34-43,45-46,67,68,73,74,80,81,84,85,92-93,95-100,104-106,108-112,114-119,125-129,131-133,135-137,150,151,153,155-158",9999,,9,Y,ADMIN
521,bgfcx,"1-3,5,10,13,17-23",9999,,6,Y,ALL
522,bgfcx,"34-43,45-46,67,68,70,73,74,80,81,84,85,92-93,95-100,104-106,108-112,114-119,125-129,131-133,135-137,150,151,153,155-158",9999,,66,Y,ADMIN
523,bgfsx,"1-3,5,10,13,17-23",9999,,6,Y,ALL
524,bgfsx,"34-43,45-46,67,68,70,73,74,80,81,84,85,92-93,95-100,104-106,108-112,114-119,125-129,131-133,135-137,150,151,153,155-158",9999,,66,Y,ADMIN
525,bgfmx,"1-3,5,10,13,17-23",9999,,6,Y,ALL
526,bgfmx,"34-43,45-46,67,68,70,73,74,80,81,84,85,92-93,95-100,104-106,108-112,114-119,125-129,131-133,135-137,150,151,153,155-158",9999,,66,Y,ADMIN
527,bgnfx,"1-3,5,10,13,17-23",9999,,6,Y,ALL
528,bgnfx,"34-43,45-46,67,68,70,73,74,80,81,84,85,92-93,95-100,104-106,108-112,114-119,125-129,131-133,135-137,150,151,153,155-158",9999,,66,Y,ADMIN
529,bgrci,"1-3,5,6,10,13,17-23,34-43,45-46,67,68,73,74,80,81,84,85,92-93,95-100,104-106,108-112,114-119,125-129,131-133,135-137,150,151,153,155-158",9999,,9,Y,ADMIN
530,"b*   ","1-3,5,6,10,13,17-23,34-43,45-46,67,68,73,74,80,81,84,85,92-93,95-100,104-106,108-112,114-119,125-129,131-133,135-137,150,151,153,155-158",13,,66,Y,ADMIN
531,bbeqi,"1-10,13,17-23,34-43,45-46,67,68,70,73,74,80,81,84,85,92-93,95-100,125-129,131-133,135-137,150,151,153,155-158",13,,118,Y,ADMIN
532,bneqi,"1-10,13,17-23,34-43,45-46,67,68,70,73,74,80,81,84,85,92-93,95-100,125-129,131-133,135-137,150,151,153,155-158",13,,118,Y,ADMIN
533,bgeqi,"1-10,13,17-23,34-43,45-46,67,68,70,73,74,80,81,84,85,92-93,95-100,125-129,131-133,135-137,150,151,153,155-158",13,,118,Y,ADMIN
534,beeqi,"1-10,13,17-23,34-43,45-46,67,68,70,73,74,80,81,84,85,92-93,95-100,125-129,131-133,135-137,150,151,153,155-158",13,,118,Y,ADMIN
535,bmeqi,"1-10,13,17-23,34-43,45-46,67,68,70,73,74,80,81,84,85,92-93,95-100,125-129,131-133,135-137,150,151,153,155-158",13,,118,Y,ADMIN
536,bbcba,9999,9999,,1,Y,ADMIN
537,bgcba,9999,9999,,1,Y,ADMIN
538,bmcba,9999,9999,,1,Y,ADMIN
539,becba,9999,9999,,1,Y,ADMIN
540,bncba,9999,9999,,1,Y,ADMIN
541,bbcba,"1-12,17-23",13,,214,Y,ADMIN
542,bmcba,"1-12,17-23",13,,214,Y,ADMIN
543,becba,"1-12,17-23",13,,214,Y,ADMIN
544,bgcba,"1-12,17-23",13,,214,Y,ADMIN
545,bncba,"1-12,17-23",13,,214,Y,ADMIN
546,bbcba,"1-8,10,12,19-23",17,,223,Y,ADMIN
547,bmcba,"1-8,10,12,19-23",17,,223,Y,ADMIN
548,becba,"1-8,10,12,19-23",17,,223,Y,ADMIN
549,bgcba,"1-8,10,12,19-23",17,,223,Y,ADMIN
550,bncba,"1-8,10,12,19-23",17,,223,Y,ADMIN
551,"b*   ","1-3,5,10,13,17-23,34-43,45-46,67,68,73,74,80,81,84,85,92-93,95-100,104-106,108-112,114-119,125-129,131-133,135-137,150,151,153,155-158",20,,54,Y,ADMIN
552,"b*   ","4,7-8,12,70",20,,55,Y,ADMIN
553,bbfcj,"1-3,5,10,13,17-23,34-43,45-46,67,68,73,74,80,81,84,85,92-93,95-100,104-106,108-112,114-119,125-129,131-133,135-137,150,151,153,155-158",20,,63,Y,ADMIN
554,bbfpj,"1-3,5,10,13,17-23,34-43,45-46,67,68,73,74,80,81,84,85,92-93,95-100,104-106,108-112,114-119,125-129,131-133,135-137,150,151,153,155-158",20,,63,Y,ADMIN
555,bbfbj,"34-43,45-46,67,68,70,73,74,80,81,84,85,92-93,95-100,104-106,108-112,114-119,125-129,131-133,135-137,150,151,153,155-158",20,,111,Y,ADMIN
556,bbfbj,"1-5,7-8,10,12-13,17-23",20,,110,Y,ADMIN
557,bmfpj,"1-3,5,10,13,17-23,34-43,45-46,67,68,73,74,80,81,84,85,92-93,95-100,104-106,108-112,114-119,125-129,131-133,135-137,150,151,153,155-158",20,,63,Y,ADMIN
558,bmfcj,"1-3,5,10,13,17-23,34-43,45-46,67,68,73,74,80,81,84,85,92-93,95-100,104-106,108-112,114-119,125-129,131-133,135-137,150,151,153,155-158",20,,63,Y,ADMIN
559,befcj,"1-3,5,10,13,17-23,34-43,45-46,67,68,73,74,80,81,84,85,92-93,95-100,104-106,108-112,114-119,125-129,131-133,135-137,150,151,153,155-158",20,,63,Y,ADMIN
560,befbj,"1-5,7-8,10,12-13,17-23",20,,110,Y,ALL
561,befbj,"34-43,45-46,67,68,70,73,74,80,81,84,85,92-93,95-100,104-106,108-112,114-119,125-129,131-133,135-137,150,151,153,155-158",20,,111,Y,ADMIN
562,bgfbj,"1-5,7-8,10,12-13,17-23",20,,110,Y,ALL
563,bgfbj,"34-43,45-46,67,68,70,73,74,80,81,84,85,92-93,95-100,104-106,108-112,114-119,125-129,131-133,135-137,150,151,153,155-158",20,,111,Y,ADMIN
564,bmfbj,"34-43,45-46,67,68,70,73,74,80,81,84,85,92-93,95-100,104-106,108-112,114-119,125-129,131-133,135-137,150,151,153,155-158",20,,111,Y,ADMIN
565,bmfbj,"1-5,7-8,10,12-13,17-23",20,,110,Y,ALL
566,bnfbj,"34-43,45-46,67,68,70,73,74,80,81,84,85,92-93,95-100,104-106,108-112,114-119,125-129,131-133,135-137,150,151,153,155-158",20,,111,Y,ADMIN
567,bnfbj,"1-5,7-8,10,12-13,17-23",20,,110,Y,ALL
568,"bmej ","34-43,45-46,67,68,70,73,74,80,81,84,85,92-93,95-100,104-106,108-112,114-119,125-129,131-133,135-137,150,151,153,155-158",20,,111,Y,ADMIN
569,"bmej ","1-3,5,10,13,17-23",20,,110,Y,ALL
570,bgfcj,"1-3,5,10,13,17-23,34-43,45-46,67,68,73,74,80,81,84,85,92-93,95-100,104-106,108-112,114-119,125-129,131-133,135-137,150,151,153,155-158",20,,63,Y,ADMIN
571,bbnfj,"1-3,5,10,13,17-23,34-43,45-46,67,68,73,74,80,81,84,85,92-93,95-100,104-106,108-112,114-119,125-129,131-133,135-137,150,151,153,155-158",20,,63,Y,ADMIN
572,bmnfj,"1-3,5,10,13,17-23,34-43,45-46,67,68,73,74,80,81,84,85,92-93,95-100,104-106,108-112,114-119,125-129,131-133,135-137,150,151,153,155-158",20,,63,Y,ADMIN
573,"b*   ","1-6,7,10,13,17-23,34-43,45-46,67,68,73,74,80,81,84,85,95-100,104-106,108-112,114-119,125-129,131-133,135-137,150,151,153,155-158",23,,103,Y,ADMIN
574,"bc   ",11,9999,,17,N,ALL
575,"bmi  ",9999,9999,,1,Y,ADMIN
576,bberd,9999,5,,1,Y,ADMIN
577,bberd,"1-8,10,13,17-21",5,,103,Y,ADMIN
578,beerd,9999,5,,1,Y,ADMIN
579,beerd,"1-8,10,13,17-21",5,,103,Y,ADMIN
580,bgerd,9999,5,,1,Y,ADMIN
581,bgerd,"1-8,10,13,17-21",5,,103,Y,ADMIN
582,bnerd,9999,5,,1,Y,ADMIN
583,bnerd,"1-8,10,13,17-21",5,,103,Y,ADMIN
584,bmerd,9999,5,,1,Y,ADMIN
585,bmerd,"1-8,10,13,17-21",5,,103,Y,ADMIN
586,bmerd,7,40,,101,N,ADMIN
587,bnrba,9999,13,,1,Y,ADMIN
588,bnrba,"1-4,6-13,17-18",13,,103,Y,ADMIN
589,bgrba,9999,13,,1,Y,ADMIN
590,bgrba,"1-4,6-13,17-18",13,,103,Y,ADMIN
591,berba,9999,13,,1,Y,ADMIN
592,berba,"1-4,6-13,17-18",13,,103,Y,ADMIN
593,bbrba,9999,13,,1,Y,ADMIN
594,bbrba,"1-4,6-13,17-18",13,,103,Y,ADMIN
595,bmrba,9999,13,,1,Y,ADMIN
596,bmrba,"1-4,6-13,17-18",13,,103,Y,ADMIN
597,bbktj,"34-43,45-46,67,68,70,73,74,80,81,84,85,87,92-93,95-100,104-106,108-112,114-119,125-129,131-133,135-137,150,151,153,155-158",9999,,1,Y,ADMIN
598,bnktj,"34-43,45-46,67,68,70,73,74,80,81,84,85,87,92-93,95-100,104-106,108-112,114-119,125-129,131-133,135-137,150,151,153,155-158",9999,,1,Y,ADMIN
599,bektj,"34-43,45-46,67,68,70,73,74,80,81,84,85,87,92-93,95-100,104-106,108-112,114-119,125-129,131-133,135-137,150,151,153,155-158",9999,,1,Y,ADMIN
600,bgktj,"34-43,45-46,67,68,70,73,74,80,81,84,85,87,92-93,95-100,104-106,108-112,114-119,125-129,131-133,135-137,150,151,153,155-158",9999,,1,Y,ADMIN
601,bmktj,"34-43,45-46,67,68,70,73,74,80,81,84,85,87,92-93,95-100,104-106,108-112,114-119,125-129,131-133,135-137,150,151,153,155-158",9999,,1,Y,ADMIN
602,bbktj,"1-8,10,13,17-23",9999,,104,Y,ADMIN
603,bektj,"1-8,10,13,17-23",9999,,104,Y,ALL
604,bgktj,"1-8,10,13,17-23",9999,,104,Y,ALL
605,bmktj,"1-8,10,13,17-23",9999,,104,Y,ALL
606,bnktj,"1-8,10,13,17-23",9999,,104,Y,ADMIN
607,bbmh*,9999,9999,,1,Y,ADMIN
608,bbmha,6,9999,,11,Y,ADMIN
609,bbmha,"1-5,7-8,10-13,17-23",9999,12+,6,Y,ADMIN
610,bmmh*,9999,9999,,1,Y,ADMIN
611,bmmha,6,9999,,11,Y,ADMIN
612,bmmha,"1-5,7-8,10-13,17-23",9999,12+,6,Y,ADMIN
613,bemh*,9999,9999,,1,Y,ADMIN
614,bemha,6,9999,,11,Y,ADMIN
615,bemha,"1-5,7-8,10-13,17-23",9999,12+,6,Y,ADMIN
616,bgmh*,9999,9999,,1,Y,ADMIN
617,bgmha,6,9999,,11,Y,ADMIN
618,bgmha,"1-5,7-8,10-13,17-23",9999,12+,6,Y,ADMIN
619,bnmh*,9999,9999,,1,Y,ADMIN
620,bnmha,6,9999,,11,Y,ADMIN
621,bnmha,"1-5,7-8,10-13,17-23",9999,12+,6,Y,ADMIN
622,?????,21,9999,,1,N,ADMIN
623,sudvd,"1-15,17-20,22-23,35,38-43,45-46,67,68,80,81,84,85,87,92-93,95-100,104-106,108-112,114-119,125-129,131-133,135-137,150,151,153,155-158",9999,,30,Y,ADMIN
624,"sul* ","1-15,17-20,22-23,35,38-43,45-46,67,68,80,81,84,85,87,92-93,95-100,104-106,108-112,114-119,125-129,131-133,135-137,150,151,153,155-158",9999,,33,Y,ADMIN
625,"ls*  ",48,"0-2,4-5,7-9,10,11,13,19",,23,Y,ALL
626,"ls*  ","35-37,70,73,74","0-2,4-5,7,10,11,13,19",,22,Y,ALL
627,"ls*  ","35-37,70,73,74",24,,22,Y,ALL
628,"ls*  ","35-37,70,73,74","8,9",,21,Y,ALL
629,"lsr* ","35-37,70,73,74",9999,,24,Y,ALL
630,"ls*  ","3,8-11,13-15,18,22-23,35,38-43,45-46,67,68,80,81,84,85,87,92-93,95-100,104-106,108-112,114-119,125-129,131-133,135-137,150,151,153,155-158","0-2,4-5,7,10,11,13,19",,22,Y,ADMIN
631,"ls*  ","1-7,12,17,19-20","0-2,4-5,7,10,11,13,19",,69,Y,ALL
632,lssp*,9999,"5,25",,20,Y,ALL
633,lsspa,"35-39,45-46",9999,,140,Y,ALL
634,lsspa,"35-39,45-46",5,,222,Y,ALL
635,lsspa,"35-39,45-46",25,,227,Y,ALL
636,lsspj,"35-41,45-46",9999,,141,Y,ALL
637,"ls*  ","1-15,17-20,22-23,35,38-43,45-46,67,68,80,81,84,85,87,92-93,95-100,104-106,108-112,114-119,125-129,131-133,135-137,150,151,153,155-158",24,,210,Y,ADMIN
638,"ls*  ","1-15,17-20,22-23,35,38-43,45-46,67,68,80,81,84,85,87,92-93,95-100,104-106,108-112,114-119,125-129,131-133,135-137,150,151,153,155-158","8,9",,21,Y,ADMIN
639,lsbge,"1-20,22-23,67,68,70,73,74,76,78-81,84,85,87,90-100,104-106,108-112,114-119,125-129,131-133,135-137,150,151,153,155-158",9999,,33,Y,ADMIN
640,"lsr* ","35-43,45-46,67,68,70,73,74,80,81,84,85,87,92-93,95-100,104-106,108-112,114-119,125-129,131-133,135-137,150,151,153,155-158",9999,,20,Y,ADMIN
641,"ls*  ","35-37,70-77",15-17,,24,Y,ALL
642,lspr*,"35-43,45-46,67,68,70,73,74,80,81,84,85,87,92-93,95-100,104-106,108-112,114-119,125-129,131-133,135-137,150,151,153,155-158",3,,33,Y,ADMIN
643,"ls*  ","35,38-43,45-46,1-13,17-20,22-23,67-69,80-82,84-87,92-93,95-100,104-106,108-112,114-119,125-129,131-133,135-137,150,151,153,155-158",15-17,,20,Y,ADMIN
644,lsbb*,"35-43,45-46,1-13,17-20,22-23,67,68,70,80,81,84,85,87,92-93,95-100,104-106,108-112,114-119,125-129,131-133,135-137,150,151,153,155-158",9999,,36,Y,ADMIN
645,lshty,"35-43,45-46,1-13,17-20,22-23,67,68,70,80,81,84,85,87,92-93,95-100,104-106,108-112,114-119,125-129,131-133,135-137,150,151,153,155-158",9999,,34,Y,ADMIN
646,lshtj,"35-43,45-46,1-13,17-20,22-23,67,68,70,80,81,84,85,87,92-93,95-100,104-106,108-112,114-119,125-129,131-133,135-137,150,151,153,155-158",9999,,34,Y,ADMIN
647,lshta,"35-43,45-46,1-13,17-20,22-23,67,68,70,80,81,84,85,87,92-93,95-100,104-106,108-112,114-119,125-129,131-133,135-137,150,151,153,155-158",9999,,34,Y,ADMIN
648,lshtb,"35-43,45-46,1-13,17-20,22-23,67,68,70,80,81,84,85,87,92-93,95-100,104-106,108-112,114-119,125-129,131-133,135-137,150,151,153,155-158",9999,,35,Y,ADMIN
649,lshtb,"35-43,45-46,1-13,17-20,22-23,67,68,70,80,81,84,85,87,92-93,95-100,104-106,108-112,114-119,125-129,131-133,135-137,150,151,153,155-158",24,,34,Y,ADMIN
650,lshtd,"35-43,45-46,1-13,17-20,22-23,67,68,70,80,81,84,85,87,92-93,95-100,104-106,108-112,114-119,125-129,131-133,135-137,150,151,153,155-158",9999,,35,Y,ADMIN
651,lshtd,"35-43,45-46,1-13,17-20,22-23,67,68,70,80,81,84,85,87,92-93,95-100,104-106,108-112,114-119,125-129,131-133,135-137,150,151,153,155-158",24,,34,Y,ADMIN
652,lsprx,9999,9999,,30,Y,ALL
653,lssgj,"35-43,45-46,1-13,17-20,22-23,67-70,80-82,84-87,92-93,95-100,104-106,108-112,114-119,125-129,131-133,135-137,150,151,153,155-158",5,,38,Y,ADMIN
654,lsill,9999,9999,,29,Y,ALL
655,lseqi,9999,13,,1,Y,ADMIN
656,lseqi,"35,36,38,40,45,47",13,,201,Y,ADMIN
657,lseqp,9999,"5,25",,20,Y,ADMIN
658,lseqp,"35-39,42-47",5,,90,Y,ADMIN
659,lseqp,"35-39,42-47",25,,228,Y,ADMIN
660,lshsa,9999,9999,,1,Y,ADMIN
661,lshsa,"35-39,45,46",9999,,143,Y,ADMIN
662,"ls*  ",9999,13,,90,N,ADMIN
663,"ls*  ","34-36,70",13,,89,N,ADMIN
664,"ls*  ","17-18,45-46,80,81",9999,,20,N,ADMIN
665,lsraj,"1-13,17-20,22-23,35-43,45-46,67,68,70,73,74,76,77,80,81,84,85,87,92-93,95-100,104-106,108-110,117-119,125-129,131-133,135-137,150,151,153,155-158",9999,,22,Y,ADMIN
666,lsbcj,"1-13,17-20,22-23,35-43,45-46,67,68,70,73,74,76,77,80,81,84,85,87,92-93,95-100,104-106,108-110,117-119,125-129,131-133,135-137,150,151,153,155-158",9999,,22,Y,ADMIN
667,lsboj,"1-13,17-20,22-23,35-43,45-46,67,68,70,73,74,76,77,80,81,84,85,87,92-93,95-100,104-106,108-110,117-119,125-129,131-133,135-137,150,151,153,155-158",9999,,34,Y,ADMIN
668,lsbrj,"1-13,17-20,22-23,35-43,45-46,67,68,70,73,74,76,77,80,81,84,85,87,92-93,95-100,104-106,108-110,117-119,125-129,131-133,135-137,150,151,153,155-158",24,,22,Y,ADMIN
669,lsbrj,"1-13,17-20,22-23,35-43,45-46,67,68,70,73,74,76,77,80,81,84,85,87,92-93,95-100,104-106,108-110,117-119,125-129,131-133,135-137,150,151,153,155-158",9,,21,Y,ADMIN
670,lsdvj,"1-13,17-20,22-23,35-43,45-46,67,68,70,73,74,76,77,80,81,84,85,87,92-93,95-100,104-106,108-110,117-119,125-129,131-133,135-137,150,151,153,155-158",24,,22,Y,ADMIN
671,lsdvj,"1-13,17-20,22-23,35-43,45-46,67,68,70,73,74,76,77,80,81,84,85,87,92-93,95-100,104-106,108-110,117-119,125-129,131-133,135-137,150,151,153,155-158",9,,21,Y,ADMIN
672,lsfcj,"1-13,17-20,22-23,35-43,45-46,67,68,70,73,74,76,77,80,81,84,85,87,92-93,95-100,104-106,108-110,117-119,125-129,131-133,135-137,150,151,153,155-158",9999,,22,Y,ADMIN
673,lsfnj,"1-13,17-20,22-23,35-43,45-46,67,68,70,73,74,76,77,80,81,84,85,87,92-93,95-100,104-106,108-110,117-119,125-129,131-133,135-137,150,151,153,155-158",9999,,22,Y,ADMIN
674,lsgfj,"1-13,17-20,22-23,35-43,45-46,67,68,70,73,74,76,77,80,81,84,85,87,92-93,95-100,104-106,108-110,117-119,125-129,131-133,135-137,150,151,153,155-158",9999,,22,Y,ADMIN
675,lsktj,"1-13,17-20,22-23,35-43,45-46,67,68,70,73,74,76,77,80,81,84,85,87,92-93,95-100,104-106,108-110,117-119,125-129,131-133,135-137,150,151,153,155-158",9999,,22,Y,ADMIN
676,lsmcj,"1-13,17-20,22-23,35-43,45-46,67,68,70,73,74,76,77,80,81,84,85,87,92-93,95-100,104-106,108-110,117-119,125-129,131-133,135-137,150,151,153,155-158",9999,,22,Y,ADMIN
677,lsnba,"1-13,17-20,22-23,35-43,45-46,67,68,70,73,74,76,77,80,81,84,85,87,92-93,95-100,104-106,108-110,117-119,125-129,131-133,135-137,150,151,153,155-158",9999,,22,Y,ADMIN
678,lsnfj,"1-13,17-20,22-23,35-43,45-46,67,68,70,73,74,76,77,80,81,84,85,87,92-93,95-100,104-106,108-110,117-119,125-129,131-133,135-137,150,151,153,155-158",9999,,22,Y,ADMIN
679,lsnnj,"1-13,17-20,22-23,35-43,45-46,67,68,70,73,74,76,77,80,81,84,85,87,92-93,95-100,104-106,108-110,117-119,125-129,131-133,135-137,150,151,153,155-158",9999,,22,Y,ADMIN
680,lsnpj,"1-13,17-20,22-23,35-43,45-46,67,68,70,73,74,76,77,80,81,84,85,87,92-93,95-100,104-106,108-110,117-119,125-129,131-133,135-137,150,151,153,155-158",9999,,22,Y,ADMIN
681,lsnbj,"1-13,17-20,22-23,35-43,45-46,67,68,70,73,74,76,77,80,81,84,85,87,92-93,95-100,104-106,108-110,117-119,125-129,131-133,135-137,150,151,153,155-158",9999,,22,Y,ADMIN
682,lsvbj,"1-13,17-20,22-23,35-43,45-46,67,68,70,73,74,76,77,80,81,84,85,87,92-93,95-100,104-106,108-110,117-119,125-129,131-133,135-137,150,151,153,155-158",9999,,22,Y,ADMIN
683,lsbry,"1-13,17-20,22-23,35-43,45-46,67,68,70,73,74,76,77,80,81,84,85,87,92-93,95-100,104-106,108-110,117-119,125-129,131-133,135-137,150,151,153,155-158",24,,22,Y,ADMIN
684,lsbry,"1-13,17-20,22-23,35-43,45-46,67,68,70,73,74,76,77,80,81,84,85,87,92-93,95-100,104-106,108-110,117-119,125-129,131-133,135-137,150,151,153,155-158",9,,21,Y,ADMIN
685,lsdvy,"1-13,17-20,22-23,35-43,45-46,67,68,70,73,74,76,77,80,81,84,85,87,92-93,95-100,104-106,108-110,117-119,125-129,131-133,135-137,150,151,153,155-158",24,,22,Y,ADMIN
686,lsdvy,"1-13,17-20,22-23,35-43,45-46,67,68,70,73,74,76,77,80,81,84,85,87,92-93,95-100,104-106,108-110,117-119,125-129,131-133,135-137,150,151,153,155-158",9,,21,Y,ADMIN
687,lsnby,"1-13,17-20,22-23,35-43,45-46,67,68,70,73,74,76,77,80,81,84,85,87,92-93,95-100,104-106,108-110,117-119,125-129,131-133,135-137,150,151,153,155-158",9999,,22,Y,ADMIN
688,lsfny,"1-13,17-20,22-23,35-43,45-46,67,68,70,73,74,76,77,80,81,84,85,87,92-93,95-100,104-106,108-110,117-119,125-129,131-133,135-137,150,151,153,155-158",9999,,22,Y,ADMIN
689,lsfcy,"1-13,17-20,22-23,35-43,45-46,67,68,70,73,74,76,77,80,81,84,85,87,92-93,95-100,104-106,108-110,117-119,125-129,131-133,135-137,150,151,153,155-158",9999,,22,Y,ADMIN
690,lsgfy,"1-13,17-20,22-23,35-43,45-46,67,68,70,73,74,76,77,80,81,84,85,87,92-93,95-100,104-106,108-110,117-119,125-129,131-133,135-137,150,151,153,155-158",9999,,22,Y,ADMIN
691,lsnny,"1-13,17-20,22-23,35-43,45-46,67,68,70,73,74,76,77,80,81,84,85,87,92-93,95-100,104-106,108-110,117-119,125-129,131-133,135-137,150,151,153,155-158",9999,,22,Y,ADMIN
692,lsnfy,"1-13,17-20,22-23,35-43,45-46,67,68,70,73,74,76,77,80,81,84,85,87,92-93,95-100,104-106,108-110,117-119,125-129,131-133,135-137,150,151,153,155-158",9999,,22,Y,ADMIN
693,lsgny,"1-13,17-20,22-23,35-43,45-46,67,68,70,73,74,76,77,80,81,84,85,87,92-93,95-100,104-106,108-110,117-119,125-129,131-133,135-137,150,151,153,155-158",9999,,22,Y,ADMIN
694,lspry,"35-42,45-46,48",9999,,22,Y,ADMIN
695,lsbde,"1-13,17-20,22-23,35-43,45-46,67,68,70,73,74,76,77,80,81,84,85,87,92-93,95-100,104-106,108-110,117-119,125-129,131-133,135-137,150,151,153,155-158",9999,,22,Y,ADMIN
696,lsbge,"1-13,17-20,22-23,35-43,45-46,67,68,70,73,74,76,77,80,81,84,85,87,92-93,95-100,104-106,108-110,117-119,125-129,131-133,135-137,150,151,153,155-158",9999,,22,Y,ADMIN
697,lsdre,"1-13,17-20,22-23,35-43,45-46,67,68,70,73,74,76,77,80,81,84,85,87,92-93,95-100,104-106,108-110,117-119,125-129,131-133,135-137,150,151,153,155-158",9999,,22,Y,ADMIN
698,ls*,34,9999,,28,Y,ADMIN
699,"mdy  ",9999,9999,,43,Y,ADMIN
700,"mdy* ","1-20,22-23,35-49,89-121,125-138,150,151,153,155-158",9999,,43,Y,ADMIN
701,"mdj  ",9999,9999,,275,Y,ADMIN
702,"mdj* ","1-20,22-23,35-49,89-121,125-138,150,151,153,155-158",9999,,275,Y,ADMIN
703,mdr*,9999,9999,,40,Y,ALL
704,"mdr* ",70,9999,,92,Y,ADMIN
705,mduuu,9999,9999,,40,Y,ALL
706,mduuu,70,9999,,92,Y,ADMIN
707,mdmde,9999,9999,,40,Y,ALL
708,mdmde,70,9999,,92,Y,ADMIN
709,mdrlt,9999,9999,,40,Y,ALL
710,mdrlt,70,9999,,92,Y,ADMIN
711,mdpry,9999,9999,,52,Y,ALL
712,mdpry,70,9999,,98,Y,ADMIN
713,mdpra,9999,9999,,52,Y,ALL
714,mdpra,70,9999,,98,Y,ADMIN
715,mdvd*,9999,9999,,44,Y,ALL
716,mdvd*,"1-20,22-23,35-49,89-121,125-138,150,151,153,155-158",9999,,44,Y,ADMIN
717,mdvd*,70,9999,,44,Y,ADMIN
718,mdvdj,9999,9999,,327,Y,ADMIN
719,mdvdj,"1-20,22-23,35-49,89-121,125-138,150,151,153,155-158",9999,,327,Y,ADMIN
720,mdbc*,9999,9999,,44,Y,ALL
721,mdbc*,"1-20,22-23,35-49,89-121,125-138,150,151,153,155-158",9999,,44,Y,ADMIN
722,mdbc*,70,9999,,95,Y,ADMIN
723,mdbcj,9999,26,,72,Y,ADMIN
724,mdbcj,"67,68,70,73,74,78,79,80,81,84,85,87",26,,72,Y,ADMIN
725,mdcsj,9999,9999,,72,Y,ADMIN
726,mdmc*,9999,9999,,44,Y,ALL
727,mdmc*,"1-20,22-23,35-49,89-121,125-138,150,151,153,155-158",9999,,44,Y,ADMIN
728,mdmc*,70,9999,,95,Y,ADMIN
729,mdmcj,9999,9999,,72,Y,ALL
730,mdngy,9999,9999,,44,Y,ALL
731,mdngy,"1-20,22-23,35-49,89-121,125-138,150,151,153,155-158",9999,,44,Y,ADMIN
732,mdngy,70,9999,,95,Y,ADMIN
733,mdprj,9999,9999,,273,Y,ADMIN
734,mdprj,"1-20,22-23,35-49,89-121,125-138,150,151,153,155-158",9999,,273,Y,ADMIN
735,mdfna,9999,9999,,1,Y,ALL
736,mdfna,70,9999,,96,Y,ADMIN
737,mdfb*,9999,9999,,79,Y,ADMIN
738,mdfb*,"1-20,22-23,35-49,89-121,125-138,150,151,153,155-158",9999,,79,Y,ADMIN
739,mdfbj,9999,9999,,80,Y,ADMIN
740,mdfbj,"1-20,22-23,35-49,89-121,125-138,150,151,153,155-158",9999,,80,Y,ADMIN
741,mdfna,"67,68,73,74,80,81,84,85,87",9999,,45,Y,ADMIN
742,mdfna,"1-14,17-20,22-23,34-46,67,68,73,74,80,81,84,85,87,92-93,95-100,104-106,108-112,114-119,125-129,131-133,135-137,150,151,153,155-158",9999,,45,Y,ADMIN
743,mdfga,9999,9999,,44,Y,ALL
744,mdfga,"1-7,12,17,19-20",9999,,72,Y,ALL
745,mdfga,70,9999,,95,Y,ADMIN
746,mdfc*,9999,9999,,44,Y,ALL
747,mdfc*,"1-20,22-23,35-49,89-121,125-138,150,151,153,155-158",9999,,44,Y,ADMIN
748,mdfc*,70,9999,,95,Y,ADMIN
749,mdfce,9999,9999,,72,Y,ALL
750,mdfcj,9999,9999,,72,Y,ALL
751,"mdd* ",9999,9999,,44,Y,ALL
752,"mdd* ","1-20,22-23,35-49,89-121,125-138,150,151,153,155-158",9999,,44,Y,ADMIN
753,mddca,9999,26,,233,Y,ADMIN
754,mddcy,9999,26,,233,Y,ADMIN
755,"mdd* ","67,68,70,87",9999,,95,Y,ADMIN
756,mddca,"67,69,70,73,74,78,80,81,84,87",26,,95,Y,ADMIN
757,mddcy,"67,68,70,73,74,78,80,81,84,87",26,,95,Y,ADMIN
758,mddcj,9999,9999,,72,Y,ADMIN
759,mddf*,"1-14,17-20,22-23,34-46,67,68,73,74,80,81,84,85,87,92-93,95-100,104-106,108-112,114-119,125-129,131-133,135-137,150,151,153,155-158",20,,58,Y,ADMIN
760,mddf*,70,20,,58,Y,ADMIN
761,mddn*,"1-14,17-20,22-23,34-46,67,68,73,74,80,81,84,85,87,92-93,95-100,104-106,108-112,114-119,125-129,131-133,135-137,150,151,153,155-158",20,,58,Y,ADMIN
762,mddn*,70,20,,58,Y,ADMIN
763,mdfcy,"1-14,17-20,22-23,34-46,67,68,73,74,80,81,84,85,87,92-93,95-100,104-106,108-112,114-119,125-129,131-133,135-137,150,151,153,155-158",20,,58,Y,ADMIN
764,mdfcy,83,9999,,84,Y,ADMIN
765,mdfcy,70,9999,,95,Y,ADMIN
766,mdnfy,"67,68,73,74,80,81,84,85,87",20,,44,Y,ADMIN
767,mdnfy,"1-14,17-20,22-23,34-46,92-93,95-100,104-106,108-112,114-119,125-129,131-133,135-137,150,151,153,155-158",20,,44,Y,ADMIN
768,mdnfy,70,20,,58,Y,ADMIN
769,mdpb*,9999,9999,,44,Y,ALL
770,mdpb*,"1-20,22-23,35-49,89-121,125-138,150,151,153,155-158",9999,,44,Y,ADMIN
771,mdpb*,70,9999,,95,Y,ADMIN
772,mdpbj,9999,9999,,72,Y,ALL
773,mdere,9999,9999,,72,Y,ALL
774,mdnb*,9999,9999,,79,Y,ADMIN
775,mdnb*,"1-20,22-23,35-49,89-121,125-138,150,151,153,155-158",9999,,79,Y,ADMIN
776,mdnb*,70,9999,,80,Y,ADMIN
777,mdnf*,9999,9999,,44,Y,ALL
778,mdnf*,"1-20,22-23,35-49,89-121,125-138,150,151,153,155-158",9999,,44,Y,ADMIN
779,mdnf*,70,9999,,95,Y,ADMIN
780,mdnfj,9999,9999,,72,Y,ALL
781,mdnfe,9999,9999,,72,Y,ALL
782,mdnr*,9999,9999,,270,Y,ADMIN
783,mdnr*,"1-20,22-23,35-49,89-121,125-138,150,151,153,155-158",9999,,270,Y,ADMIN
784,mdnrj,9999,9999,,72,Y,ALL
785,mdnfy,83,9999,,84,Y,mde
786,mdnla,9999,9999,,44,Y,ALL
787,mdnla,"1-20,22-23,35-49,89-121,125-138,150,151,153,155-158",9999,,44,Y,ADMIN
788,mdnla,70,9999,,95,Y,ADMIN
789,mdfla,9999,9999,,44,Y,ALL
790,mdfla,"1-20,22-23,35-49,89-121,125-138,150,151,153,155-158",9999,,44,Y,ADMIN
791,mdfla,70,9999,,95,Y,ADMIN
792,mdnpj,9999,9999,,72,Y,ALL
793,mdfma,9999,9999,,44,Y,ALL
794,mdfma,"1-20,22-23,35-49,89-121,125-138,150,151,153,155-158",9999,,44,Y,ADMIN
795,mdfma,70,9999,,95,Y,ADMIN
796,mdnna,9999,9999,,44,Y,ALL
797,mdnna,"1-20,22-23,35-49,89-121,125-138,150,151,153,155-158",9999,,44,Y,ADMIN
798,mdnna,70,9999,,95,Y,ADMIN
799,mdnse,9999,9999,,72,Y,ALL
800,mdnsj,9999,9999,,72,Y,ALL
801,mdfse,9999,9999,,72,Y,ALL
802,mdfsj,9999,9999,,72,Y,ALL
803,mdfgy,9999,9999,,44,Y,ALL
804,mdfgy,"1-20,22-23,35-49,89-121,125-138,150,151,153,155-158",9999,,44,Y,ADMIN
805,mdfgy,70,9999,,95,Y,ADMIN
806,mdfgj,9999,9999,,72,Y,ALL
807,mdbbj,9999,9999,,72,Y,ALL
808,mdill,9999,9999,,47,Y,ALL
809,mdill,70,9999,,97,Y,ADMIN
810,mdnbj,9999,9999,,72,Y,ALL
811,mdrxj,9999,9999,,233,Y,ADMIN
812,mdrxj,"67,68,70,73,74,80,81,84,85,87",9999,,225,Y,ADMIN
813,mdggj,9999,9999,,233,Y,ADMIN
814,mdggj,"67,68,70,73,74,80,81,84,85,87",9999,,225,Y,ADMIN
815,mdlke,9999,9999,,233,Y,ALL
816,mdlke,"67,68,70,73,74,80,81,84,85,87",9999,,225,Y,ADMIN
817,mdltj,9999,9999,,233,Y,ADMIN
818,mdltj,"1-7,12,17,19-20",9999,,233,Y,ADMIN
819,mdltj,70,9999,,233,Y,ADMIN
820,mdsna,9999,9999,,44,Y,ALL
821,mdsna,"1-20,22-23,35-49,89-121,125-138,150,151,153,155-158",9999,,44,Y,ADMIN
822,mdsna,70,9999,,95,Y,ADMIN
823,mdsnj,9999,9999,,72,Y,ALL
824,mdsny,9999,9999,,44,Y,ALL
825,mdsny,"1-20,22-23,35-49,89-121,125-138,150,151,153,155-158",9999,,44,Y,ADMIN
826,mdsny,70,9999,,95,Y,ADMIN
827,mdspa,9999,9999,,44,Y,ALL
828,mdspa,"1-20,22-23,35-49,89-121,125-138,150,151,153,155-158",9999,,44,Y,ADMIN
829,mdspa,70,9999,,95,Y,ADMIN
830,mdspj,9999,9999,,72,Y,ALL
831,mdxma,9999,9999,,194,Y,ALL
832,mdxma,"1-7,12,17,19-20",9999,,194,Y,ALL
833,mdxma,70,9999,,95,Y,ADMIN
834,mdspy,9999,9999,,44,Y,ALL
835,mdspy,"1-20,22-23,35-49,89-121,125-138,150,151,153,155-158",9999,,44,Y,ADMIN
836,mdspy,70,9999,,95,Y,ADMIN
837,mdvgy,9999,9999,,232,Y,ADMIN
838,mdvgy,"67,68,70,73,74,78,80,81,84,87",9999,,234,Y,ADMIN
839,mdnab,9999,9999,,44,Y,ADMIN
840,mdnab,"1-20,22-23,35-49,89-121,125-138,150,151,153,155-158",9999,,44,Y,ADMIN
841,mdnab,70,9999,,95,Y,ADMIN
842,mdnyb,9999,9999,,44,Y,ADMIN
843,mdnyb,"1-20,22-23,35-49,89-121,125-138,150,151,153,155-158",9999,,44,Y,ADMIN
844,mdnyb,70,9999,,95,Y,ADMIN
845,md*,9999,15-17,,40,Y,ALL
846,"md*  ",70,15-17,,92,Y,ADMIN
847,"mdn* ","1-14,17-20,22-23,34-46,48,67,68,73,74,80,81,84,85,87,92-93,95-100,104-106,108-112,114-119,125-129,131-133,135-137,150,151,153,155-158",20,,58,Y,ADMIN
848,"mdn* ",70,20,,58,Y,ADMIN
849,"mdf* ","1-14,17-20,22-23,34-46,48,67,68,73,74,80,81,84,85,87,92-93,95-100,104-106,108-112,114-119,125-129,131-133,135-137,150,151,153,155-158",20,,58,Y,ADMIN
850,"mdf* ",70,20,,58,Y,ADMIN
851,mdpb*,"1-14,17-20,22-23,34-46,48,67,68,73,74,80,81,84,85,87,92-93,95-100,104-106,108-112,114-119,125-129,131-133,135-137,150,151,153,155-158",20,,58,Y,ADMIN
852,mdpb*,70,20,,58,Y,ADMIN
853,mdfna,"1-14,17-20,22-23,34-46,48,67,68,73,74,80,81,84,85,87,92-93,95-100,104-106,108-112,114-119,125-129,131-133,135-137,150,151,153,155-158",20,,57,Y,ADMIN
854,mdfna,70,20,,56,Y,mde
855,mdmc*,"1-14,17-20,22-23,34-46,48,67,68,73,74,80,81,84,85,87,92-93,95-100,104-106,108-112,114-119,125-129,131-133,135-137,150,151,153,155-158","20,21",,58,Y,mde
856,mdmc*,70,"20,21",,58,Y,mde
857,mdbc*,"1-14,17-20,22-23,34-46,48,67,68,73,74,80,81,84,85,87,92-93,95-100,104-106,108-112,114-119,125-129,131-133,135-137,150,151,153,155-158","20,22",,58,Y,ADMIN
858,mdbc*,70,"20,22",,58,Y,mde
859,mdvda,9999,25,,1,Y,mde
860,mdvda,"67,70,80,84",25,,328,Y,mde
861,mdcpa,9999,25,,1,Y,mde
862,mdcpa,"67,70,80,84",25,,86,Y,mde
863,mdvd*,"1-14,17-20,22-23,34-46,48,67,68,70,73,74,80,81,84,85,87,92-93,95-100,104-106,108-112,114-119,125-129,131-133,135-137,150,151,153,155-158",23,,328,Y,ADMIN
864,mdvdj,70,23,,85,Y,mde
865,mdvd*,"1-14,17-20,22-23,34-46,48,67,68,73,74,80,81,84,85,87,92-93,95-100,104-106,108-112,114-119,125-129,131-133,135-137,150,151,153,155-158",20,,58,Y,ADMIN
866,mdvd*,70,20,,58,Y,mde
867,mdvdj,9999,20,,233,Y,mde
868,mdvd*,"1-14,17-20,22-23,34-46,48,67,68,73,74,80,81,84,85,87,92-93,95-100,104-106,108-112,114-119,125-129,131-133,135-137,150,151,153,155-158",24,,44,Y,ADMIN
869,mdvd*,"67,68,73,74,80,81,84,85,87",24,,44,Y,ADMIN
870,mdvd*,70,24,,95,Y,mde
871,mdvdj,"1-14,17-20,22-23,34-46,48,67,68,73,74,80,81,84,85,87,92-93,95-100,104-106,108-112,114-119,125-129,131-133,135-137,150,151,153,155-158",24,,72,Y,ADMIN
872,mdvdj,"67,68,73,74,80,81,84,85,87",24,,72,Y,ADMIN
873,"md*  ",9999,13,,88,Y,mde
874,"md*  ",70,13,,87,Y,mde
875,"md*  ","1-20,22-23,35-49,89-121,125-138,150,151,153,155-158",13,,88,Y,ADMIN
876,"md*  ",78,9999,,62,Y,ADMIN
877,mdrlj,9999,15-17,,276,Y,ADMIN
878,mdrfj,9999,15-17,,276,Y,ADMIN
879,mdrfj,9999,13,,276,Y,ADMIN
880,mdrfj,"1-4,8,12,17-18,35-36,38,40,45,67,70,84,96,98,100,105,108,115,125,127,128,150,151,153,155-158",13,,277,Y,ADMIN
881,mddca,9999,13,,1,Y,ADMIN
882,mddca,"67,69,70,73,74,78,80,81,84,87",13,,88,Y,ADMIN
883,mdcir,9999,9999,,1,Y,ALL
884,mdcir,"67,68",25,,106,Y,ALL
885,mdcir,"70,73",25,,107,Y,ADMIN
886,mdcir,70,5,,58,Y,ALL
887,mdcir,"1-13,17-20,22-23,34-43,45-46,67,68,70,73,74,80,81,84,85,87,92-93,95-99,104-106,108-112,114-119,125-129,131-133,135-137,150,151,153,155-158",5,,58,Y,ADMIN
888,mdcir,67-68,13,,44,Y,ALL
889,mdcir,"70,73",13,,44,Y,ADMIN
890,"md*  ",9999,9999,,40,N,ADMIN
891,lg*,94,9999,,1,Y,ADMIN
892,lg*,94,"0-1,11,19",,128,Y,ADMIN
893,"lg*  ",94,"7,8,9",,130,Y,ADMIN
894,lg*,90-91,9999,,1,Y,ADMIN
895,lgeq*,90-91,9999,,129,Y,ADMIN
896,lg*,"92,93",9999,,272,Y,ADMIN
897,"lg*  ","89,97,99,103,104",9999,,285,Y,ADMIN
898,"lg*  ","1-13,17-20,22-23,34-43,45-46,67,68,70,73,74,80,81,84,85,95,96,98,100,105-106,108-112,114-119,125-129,131-133,135-137,150,151,153,155-158",9999,,121,Y,ADMIN
899,lgbpj,"89,97,99,103,104",9999,,287,Y,ADMIN
900,lgbpj,"1-13,17-20,22-23,34-43,45-46,67,68,70,73,74,80,81,84,85,95,96,98,100,105-106,108-112,114-119,125-129,131-133,135-137,150,151,153,155-158",9999,,123,Y,ADMIN
901,lgbba,"89,97,99,103,104",9999,,287,Y,ADMIN
902,lgbba,"1-13,17-20,22-23,34-43,45-46,67,68,70,73,74,80,81,84,85,95,96,98,100,105-106,108-112,114-119,125-129,131-133,135-137,150,151,153,155-158",9999,,123,Y,ADMIN
903,lgbpa,"92,93",9999,,121,Y,ADMIN
904,lgbpa,"89,97,99,103,104",9999,,286,Y,ADMIN
905,lgbpa,"1-13,17-20,22-23,34-43,45-46,67,68,70,73,74,80,81,84,85,95,96,98,100,105-106,108-112,114-119,125-129,131-133,135-137,150,151,153,155-158",9999,,122,Y,ADMIN
906,lgvda,"92,93",9999,,121,Y,ADMIN
907,lgvda,"89,97,99,103,104",9999,,286,Y,ADMIN
908,lgvda,"1-13,17-20,22-23,34-43,45-46,67,68,70,73,74,80,81,84,85,95,96,98,100,105-106,108-112,114-119,125-129,131-133,135-137,150,151,153,155-158",9999,,122,Y,ADMIN
909,lgmci,"92,93",9999,,121,Y,ADMIN
910,lgmci,"89,97,99,103,104",9999,,286,Y,ADMIN
911,lgmci,"1-13,17-20,22-23,34-43,45-46,67,68,70,73,74,80,81,84,85,95,96,98,100,105-106,108-112,114-119,125-129,131-133,135-137,150,151,153,155-158",9999,,122,Y,ADMIN
912,lgoda,"92,93",9999,,121,Y,ADMIN
913,lgoda,"89,97,99,103,104",9999,,286,Y,ADMIN
914,lgoda,"1-13,17-20,22-23,34-43,45-46,67,68,70,73,74,80,81,84,85,95,96,98,100,105-106,108-112,114-119,125-129,131-133,135-137,150,151,153,155-158",9999,,122,Y,ADMIN
915,lgedj,"92,93",9999,,121,Y,ADMIN
916,lgedj,"89,97,99,103,104",9999,,286,Y,ADMIN
917,lgedj,"1-13,17-20,22-23,34-43,45-46,67,68,70,73,74,80,81,84,85,95,96,98,100,105-106,108-112,114-119,125-129,131-133,135-137,150,151,153,155-158",9999,,122,Y,ADMIN
918,lgfdj,"92,93",9999,,121,Y,ADMIN
919,lgfdj,"89,97,99,103,104",9999,,286,Y,ADMIN
920,lgfdj,"1-13,17-20,22-23,34-43,45-46,67,68,70,73,74,80,81,84,85,95,96,98,100,105-106,108-112,114-119,125-129,131-133,135-137,150,151,153,155-158",9999,,122,Y,ADMIN
921,lgktj,9999,9999,,1,Y,ALL
922,lgktj,"92,93",9999,,272,Y,ADMIN
923,lgktj,"89,97,99,103,104",9999,,285,Y,ADMIN
924,lgktj,"95,96,98,102",9999,,121,Y,ADMIN
925,lgndj,"92,93",9999,,121,Y,ADMIN
926,lgndj,"89,97,99,103,104",9999,,286,Y,ADMIN
927,lgndj,"1-13,17-20,22-23,34-43,45-46,67,68,70,73,74,80,81,84,85,95,96,98,100,105-106,108-112,114-119,125-129,131-133,135-137,150,151,153,155-158",9999,,122,Y,ADMIN
928,lgsvj,"92,93",9999,,121,Y,ADMIN
929,lgsvj,"89,97,99,103,104",9999,,286,Y,ADMIN
930,lgsvj,"1-13,17-20,22-23,34-43,45-46,67,68,70,73,74,80,81,84,85,95,96,98,100,105-106,108-112,114-119,125-129,131-133,135-137,150,151,153,155-158",9999,,122,Y,ADMIN
931,lgspj,"92,93",9999,,121,Y,ADMIN
932,lgspj,"89,97,99,103,104",9999,,286,Y,ADMIN
933,lgspj,"1-13,17-20,22-23,34-43,45-46,67,68,70,73,74,80,81,84,85,95,96,98,100,105-106,108-112,114-119,125-129,131-133,135-137,150,151,153,155-158",9999,,122,Y,ADMIN
934,lgprj,"92,93",9999,,121,Y,ADMIN
935,lgprj,"89,97,99,103,104",9999,,286,Y,ADMIN
936,lgprj,"1-13,17-20,22-23,34-43,45-46,67,68,70,73,74,80,81,84,85,95,96,98,100,105-106,108-112,114-119,125-129,131-133,135-137,150,151,153,155-158",9999,,240,Y,ADMIN
937,lgpra,"92,93",9999,,121,Y,ADMIN
938,lgpra,"89,97,99,103,104",9999,,286,Y,ADMIN
939,lgpra,"1-13,17-20,22-23,34-43,45-46,67,68,70,73,74,80,81,84,85,95,96,98,100,105-106,108-112,114-119,125-129,131-133,135-137,150,151,153,155-158",9999,,166,Y,ADMIN
940,lgpsa,"89,97,99,103,104",9999,,286,Y,ADMIN
941,lgpsa,"92,93",9999,,121,Y,ADMIN
942,lgpsa,"1-13,17-20,22-23,34-43,45-46,67,68,70,73,74,80,81,84,85,95,96,98,100,105-106,108-112,114-119,125-129,131-133,135-137,150,151,153,155-158",9999,,166,Y,ADMIN
943,lgmdy,"92,93",9999,,121,Y,ADMIN
944,lgmdy,"89,97,99,103,104",9999,,286,Y,ADMIN
945,lgmdy,"1-13,17-20,22-23,34-43,45-46,67,68,70,73,74,80,81,84,85,95,96,98,100,105-106,108-112,114-119,125-129,131-133,135-137,150,151,153,155-158",9999,,122,Y,ADMIN
946,lgvdy,"92,93",9999,,121,Y,ADMIN
947,lgvdy,"89,97,99,103,104",9999,,286,Y,ADMIN
948,lgvdy,"1-13,17-20,22-23,34-43,45-46,67,68,70,73,74,80,81,84,85,95,96,98,100,105-106,108-112,114-119,125-129,131-133,135-137,150,151,153,155-158",9999,,122,Y,ADMIN
949,lgpry,"92,93",9999,,121,Y,ADMIN
950,lgpry,"89,97,99,103,104",9999,,286,Y,ADMIN
951,lgpry,"1-13,17-20,22-23,34-43,45-46,67,68,70,73,74,80,81,84,85,95,96,98,100,105-106,108-112,114-119,125-129,131-133,135-137,150,151,153,155-158",9999,,166,Y,ADMIN
952,"lg*  ","92,93",24,,272,Y,ADMIN
953,"lg*  ","89,97,99,103,104",24,,285,Y,ADMIN
954,"lg*  ","1-13,17-20,22-23,34-43,45-46,67,68,70,73,74,80,81,84,85,95,96,98,100,105-106,108-112,114-119,125-129,131-133,135-137,150,151,153,155-158",24,,121,Y,ADMIN
955,"lg*  ","92,93",9,,121,Y,ADMIN
956,"lg*  ","89,97,99,103,104",9,,286,Y,ADMIN
957,"lg*  ","1-13,17-20,22-23,34-43,45-46,67,68,70,73,74,80,81,84,85,95,96,98,100,105-106,108-112,114-119,125-129,131-133,135-137,150,151,153,155-158",9,,122,Y,ADMIN
958,lgldx,9999,9999,,1,Y,ADMIN
959,lgldy,9999,9999,,1,Y,ADMIN
960,lglda,9999,9999,,1,Y,ADMIN
961,lgkpj,9999,9999,,1,Y,ADMIN
962,lgeqa,9999,9999,,1,Y,ADMIN
963,lgcld,9999,9999,,1,Y,ADMIN
964,lgeqp,9999,9999,,1,Y,ADMIN
965,lgtea,9999,9999,,1,Y,ADMIN
966,lgebj,9999,9999,,1,Y,ADMIN
967,lgeba,9999,9999,,1,Y,ADMIN
968,"lg*  ",102,9999,,231,Y,ADMIN
969,lg*,"92,93",9999,,268,Y,ADMIN
970,lgldy,"89,97,99,103,104",9999,,289,Y,ADMIN
971,lgldy,"95,96,98",9999,,136,Y,ADMIN
972,lgldx,"89,97,99,103,104",9999,,289,Y,ADMIN
973,lgldx,"95,96,98",9999,,136,Y,ADMIN
974,lglda,9999,9999,,1,Y,ADMIN
975,lglda,"89,97,99,103,104",9999,,291,Y,ADMIN
976,lglda,"95,96,98",9999,,209,Y,ADMIN
977,lgkpj,"89,97,99,103,104",9999,,289,Y,ADMIN
978,lgkpj,"95,96,98",9999,,136,Y,ADMIN
979,lgeqa,"89,97,99,103,104",9999,,298,Y,ADMIN
980,lgeqa,"95,96,98",9999,,129,Y,ADMIN
981,lgcld,"89,97,99,103,104",9999,,298,Y,ADMIN
982,lgcld,"95,96,98",9999,,129,Y,ADMIN
983,lgeqp,"89,97,99,103,104",9999,,298,Y,ADMIN
984,lgeqp,"95,96,98",9999,,129,Y,ADMIN
985,lgtea,"89,97,99,103,104",9999,,288,Y,ADMIN
986,lgtea,"95,96,98",9999,,125,Y,ADMIN
987,lgtea,"89,97,99,103,104",25,,290,Y,ADMIN
988,lgtea,"95,96,98",25,,195,Y,ADMIN
989,lgp1y,9999,9999,,1,Y,ADMIN
990,lgp1y,"89,97,99,103,104",9999,,278,Y,ADMIN
991,lgp1y,"95,96,98",9999,,123,Y,ADMIN
992,lgebj,9999,9999,,1,Y,ADMIN
993,lgeba,9999,9999,,1,Y,ADMIN
994,lgebj,"89,97,99,103,104",9999,,294,Y,ADMIN
995,lgebj,"95,96,98",9999,,256,Y,ADMIN
996,lgeba,"89,97,99,103,104",9999,,288,Y,ADMIN
997,lgeba,"95,96,98",9999,,124,Y,ADMIN
998,lgebj,"89,97,99,103,104",20,,295,Y,ADMIN
999,lgebj,"95,96,98",20,,258,Y,ADMIN
1000,lgeba,"89,97,99,103,104",20,,291,Y,ADMIN
1001,lgeba,"95,96,98",20,,196,Y,ADMIN
1002,lgeka,9999,9999,,1,Y,ADMIN
1003,lgeca,9999,9999,,1,Y,ADMIN
1004,lgdsd,9999,9999,,1,Y,ADMIN
1005,lgecj,9999,9999,,1,Y,ADMIN
1006,lgeca,9999,9999,,1,Y,ADMIN
1007,lgecy,9999,9999,,1,Y,ADMIN
1008,"lg*  ",100,9999,,121,Y,ADMIN
1009,lgeka,"96,98,100",9999,,121,Y,ADMIN
1010,lgecy,89,9999,,285,Y,ADMIN
1011,lgecy,"95,96,98,100",9999,,121,Y,ADMIN
1012,lgecj,89,9999,,285,Y,ADMIN
1013,lgecj,"95,96,98,100",9999,,121,Y,ADMIN
1014,lgeca,9999,9999,,1,Y,ADMIN
1015,lgeca,"96,98,100",9999,,218,Y,ADMIN
1016,lgfpa,9999,9999,,1,Y,ADMIN
1017,lgfpa,"96,98,100",5,,167,Y,ADMIN
1018,lgrej,9999,5,,1,Y,ADMIN
1019,lgrej,"96,98,100",5,,136,Y,ADMIN
1020,lgaca,9999,9999,,1,Y,ADMIN
1021,lgrad,9999,9999,,1,Y,ADMIN
1022,lgrmd,9999,9999,,1,Y,ADMIN
1023,lgnfd,9999,9999,,1,Y,ADMIN
1024,lgprd,9999,9999,,1,Y,ADMIN
1025,lgrua,9999,9999,,1,Y,ADMIN
1026,lgrba,9999,9999,,1,Y,ADMIN
1027,lgrja,9999,9999,,1,Y,ADMIN
1028,lgrha,9999,9999,,1,Y,ADMIN
1029,lgcsd,9999,9999,,1,Y,ADMIN
1030,lgrca,9999,9999,,1,Y,ADMIN
1031,lgrca,"96,98,100",9999,,121,Y,ADMIN
1032,lgrfj,9999,9999,,1,Y,ADMIN
1033,lgrrj,9999,9999,,1,Y,ADMIN
1034,lgmci,9999,9999,,1,N,ADMIN
1035,lgmmi,9999,9999,,1,Y,ADMIN
1036,lgraa,9999,9999,,1,Y,ADMIN
1037,lgcra,9999,9999,,1,Y,ADMIN
1038,lgrfa,9999,9999,,1,Y,ADMIN
1039,lgrra,9999,9999,,1,Y,ADMIN
1040,lgp1y,100,9999,,123,Y,ALL
1041,lgbpj,100,9999,,123,Y,ALL
1042,lgbba,100,9999,,123,Y,ALL
1043,lgbpa,100,9999,,122,Y,ALL
1044,lgvda,100,9999,,122,Y,ALL
1045,lgmci,100,9999,,122,Y,ADMIN
1046,lgoda,100,9999,,122,Y,ALL
1047,lgedj,100,9999,,122,Y,ALL
1048,lgfdj,100,9999,,122,Y,ALL
1049,lgktj,100,9999,,122,Y,ALL
1050,lgndj,100,9999,,122,Y,ALL
1051,lgsvj,100,9999,,122,Y,ALL
1052,lgspj,100,9999,,122,Y,ALL
1053,lgprj,100,9999,,240,Y,ADMIN
1054,lgpra,100,9999,,242,Y,ALL
1055,lgpsa,100,9999,,122,Y,ALL
1056,lgvdy,100,9999,,122,Y,ALL
1057,lgpry,100,9999,,122,Y,ALL
1058,lgldy,100,9999,,136,Y,ADMIN
1059,lgldx,100,9999,,136,Y,ADMIN
1060,lglda,100,9999,,209,Y,ADMIN
1061,lgkpj,100,9999,,136,Y,ADMIN
1062,lgeqa,100,9999,,129,Y,ADMIN
1063,lgcld,100,9999,,129,Y,ADMIN
1064,lgeqp,100,9999,,129,Y,ADMIN
1065,lgtea,100,9999,,125,Y,ADMIN
1066,lgtea,100,25,,195,Y,ADMIN
1067,lgeba,100,9999,,125,Y,ADMIN
1068,lgeba,100,20,,197,Y,ADMIN
1069,lgebj,100,9999,,257,Y,ADMIN
1070,lgebj,100,20,,259,Y,ADMIN
1071,"lg*  ",100,24,,121,Y,ADMIN
1072,"lg*  ",100,9,,122,Y,ADMIN
1073,lgchd,9999,9999,,1,Y,ADMIN
1074,lgrca,"92,93",9,,272,Y,ADMIN
1075,lgrca,"89,97,99,103,104",9,,285,Y,ADMIN
1076,lgrca,"94-96,98,100",9,,121,Y,ADMIN
1077,lgill,9999,9999,,1,Y,ADMIN
1078,lgill,98,9999,,229,Y,ADMIN
1079,lgill,98,"2-3,8-9",,230,Y,ADMIN
1080,lgvla,9999,24,,1,Y,ALL
1081,lgvla,9999,"23,9",,1,Y,ALL
1082,lgvla,100,24,,244,Y,ALL
1083,lgvla,"89,97,99,103,104",24,,289,Y,ADMIN
1084,lgvla,"89,97,99,103,104","9,23",,290,Y,ADMIN
1085,lgvla,"95,96,98",24,,136,Y,ADMIN
1086,lgvla,"95,96,98,100","9,23",,144,Y,ADMIN
1087,lgcpa,9999,9999,,1,Y,ADMIN
1088,lgcpa,"89,95-100,103,104",9999,,142,Y,ADMIN
1089,lgcpa,"89,97,99,103,104",9999,,299,Y,ADMIN
1090,lgcpa,"95,96,98,100",9999,,142,Y,ADMIN
1091,lgcoa,9999,9999,,1,Y,ADMIN
1092,lgcoa,"89,95-100,103,104",9999,,121,Y,ADMIN
1093,lglot,9999,9999,,1,Y,ADMIN
1094,lglot,"98,100",9999,,262,Y,ADMIN
1095,lgama,9999,9999,,1,Y,ADMIN
1096,lgama,"89,95-100,103,104",9999,,121,Y,ADMIN
1097,lgrga,9999,9999,,1,Y,ADMIN
1098,lgrga,"89,95-100,103,104",9999,,121,Y,ADMIN
1099,lgmha,9999,9999,,1,Y,ADMIN
1100,lgmha,"89,95-100,103,104",9999,,215,Y,ADMIN
1101,lgeta,9999,9999,,1,Y,ADMIN
1102,lgeta,"89,95-100,103,104",9999,,215,Y,ADMIN
1103,lgaaa,9999,9999,,121,Y,ADMIN
1104,lgaaa,"89,97,99,103,104",9999,,285,Y,ADMIN
1105,lgava,9999,9999,,240,Y,ADMIN
1106,lgava,"89,97,99,103,104",9999,,286,Y,ADMIN
1107,"la*  ","1-13,17-20,22-23,34-43,45-46,67,68,70,73,74,80,81,84,85,87,92-93,95-100,104-106,108-110,117-119,125-129,131-133,135-137,150,151,153,155-158",9999,,145,Y,ADMIN
1108,"la*  ","1-13,17-20,22-23,34-43,45-46,67,68,70,73,74,80,81,84,85,87,92-93,95-100,104-106,108-110,117-119,125-129,131-133,135-137,150,151,153,155-158",9,,160,Y,ADMIN
1109,lacsa,"1-13,17-20,22-23,34-43,45-46,67,68,70,73,74,80,81,84,85,87,92-93,95-100,104-106,108-110,117-119,125-129,131-133,135-137,150,151,153,155-158",9999,,160,Y,ADMIN
1110,lacsa,"105-106,108-110,112,115",9999,,219,Y,ADMIN
1111,lawfa,9999,9999,,1,Y,ADMIN
1112,lawfa,105,13,,260,Y,ADMIN
1113,lamxa,"1-13,17-20,22-23,34-43,45-46,67,68,70,73,74,80,81,84,85,87,92-93,95-100,104-106,108-110,117-119,125-129,131-133,135-137,150,151,153,155-158",9999,,151,Y,ADMIN
1114,lagxj,"1-13,17-20,22-23,34-43,45-46,67,68,70,73,74,80,81,84,85,87,92-93,95-100,104-106,108-110,117-119,125-129,131-133,135-137,150,151,153,155-158",9999,,151,Y,ADMIN
1115,lagxa,"1-13,17-20,22-23,34-43,45-46,67,68,70,73,74,80,81,84,85,87,92-93,95-100,104-106,108-110,117-119,125-129,131-133,135-137,150,151,153,155-158",9999,,151,Y,ADMIN
1116,lamaa,"1-13,17-20,22-23,34-43,45-46,67,68,70,73,74,80,81,84,85,87,92-93,95-100,104-106,108-110,117-119,125-129,131-133,135-137,150,151,153,155-158",9999,,151,Y,ADMIN
1117,lahcj,"1-13,17-20,22-23,34-43,45-46,67,68,70,73,74,80,81,84,85,87,92-93,95-100,104-106,108-110,117-119,125-129,131-133,135-137,150,151,153,155-158",9999,,160,Y,ADMIN
1118,lalxa,"1-13,17-20,22-23,34-43,45-46,67,68,70,73,74,80,81,84,85,87,92-93,95-100,104-106,108-110,117-119,125-129,131-133,135-137,150,151,153,155-158",9999,,151,Y,ADMIN
1119,laegj,"1-13,17-20,22-23,34-43,45-46,67,68,70,73,74,80,81,84,85,87,92-93,95-100,104-106,108-110,117-119,125-129,131-133,135-137,150,151,153,155-158",9999,,151,Y,ADMIN
1120,lamxj,"1-13,17-20,22-23,34-43,45-46,67,68,70,73,74,80,81,84,85,87,92-93,95-100,104-106,108-110,117-119,125-129,131-133,135-137,150,151,153,155-158",9999,,151,Y,ADMIN
1121,lamaj,"1-13,17-20,22-23,34-43,45-46,67,68,70,73,74,80,81,84,85,87,92-93,95-100,104-106,108-110,117-119,125-129,131-133,135-137,150,151,153,155-158",9999,,151,Y,ADMIN
1122,lamay,"1-13,17-20,22-23,34-43,45-46,67,68,70,73,74,80,81,84,85,87,92-93,95-100,104-106,108-110,117-119,125-129,131-133,135-137,150,151,153,155-158",9999,,151,Y,ADMIN
1123,larbb,"1-13,17-20,22-23,34-43,45-46,67,68,70,73,74,80,81,84,85,87,92-93,95-100,104-106,108-110,117-119,125-129,131-133,135-137,150,151,153,155-158",9999,,267,Y,ADMIN
1124,larbb,"105-106,108-110,112,117-119",9999,,151,Y,ADMIN
1125,lareb,"1-13,17-20,22-23,34-43,45-46,67,68,70,73,74,80,81,84,85,87,92-93,95-100,104-106,108-110,117-119,125-129,131-133,135-137,150,151,153,155-158",9999,,267,Y,ADMIN
1126,lareb,"105-106,108-110,112,117-119",9999,,151,Y,ADMIN
1127,larab,"1-13,17-20,22-23,34-43,45-46,67,68,70,73,74,80,81,84,85,87,92-93,95-100,104-106,108-110,117-119,125-129,131-133,135-137,150,151,153,155-158",9999,,267,Y,ADMIN
1128,larab,"105-106,108-110,112,117-119",9999,,151,Y,ADMIN
1129,lakaj,"1-13,17-20,22-23,34-43,45-46,67,68,70,73,74,80,81,84,85,87,92-93,95-100,104-106,108-110,117-119,125-129,131-133,135-137,150,151,153,155-158",9999,,220,Y,ADMIN
1130,lapla,"1-13,17-20,22-23,34-43,45-46,67,68,70,73,74,80,81,84,85,87,92-93,95-100,104-106,108-110,117-119,125-129,131-133,135-137,150,151,153,155-158",9999,,200,Y,ADMIN
1131,lapla,"105-106,108-110,112,115",9999,,199,Y,ADMIN
1132,lavdj,"1-13,17-20,22-23,34-43,45-46,67,68,70,73,74,80,81,84,85,87,92-93,95-100,104-106,108-110,117-119,125-129,131-133,135-137,150,151,153,155-158",9999,,146,Y,ADMIN
1133,lavda,"1-13,17-20,22-23,34-43,45-46,67,68,70,73,74,80,81,84,85,87,92-93,95-100,104-106,108-110,117-119,125-129,131-133,135-137,150,151,153,155-158",9999,,146,Y,ADMIN
1134,lavna,"1-13,17-20,22-23,34-43,45-46,67,68,70,73,74,80,81,84,85,87,92-93,95-100,104-106,108-110,117-119,125-129,131-133,135-137,150,151,153,155-158",9999,,146,Y,ADMIN
1135,lakba,"1-13,17-20,22-23,34-43,45-46,67,68,70,73,74,80,81,84,85,87,92-93,95-100,104-106,108-110,117-119,125-129,131-133,135-137,150,151,153,155-158",9999,,149,Y,ADMIN
1136,labbj,"1-13,17-20,22-23,34-43,45-46,67,68,70,73,74,80,81,84,85,87,92-93,95-100,104-106,108-110,117-119,125-129,131-133,135-137,150,151,153,155-158",9999,,283,Y,ADMIN
1137,labij,"1-13,17-20,22-23,34-43,45-46,67,68,70,73,74,80,81,84,85,87,92-93,95-100,104-106,108-110,117-119,125-129,131-133,135-137,150,151,153,155-158",9999,,150,Y,ADMIN
1138,laboj,"1-13,17-20,22-23,34-43,45-46,67,68,70,73,74,80,81,84,85,87,92-93,95-100,104-106,108-110,117-119,125-129,131-133,135-137,150,151,153,155-158",9999,,150,Y,ADMIN
1139,laebj,"1-13,17-20,22-23,34-43,45-46,67,68,70,73,74,80,81,84,85,87,92-93,95-100,104-106,108-110,117-119,125-129,131-133,135-137,150,151,153,155-158",9999,,150,Y,ADMIN
1140,laepj,"1-13,17-20,22-23,34-43,45-46,67,68,70,73,74,80,81,84,85,87,92-93,95-100,104-106,108-110,117-119,125-129,131-133,135-137,150,151,153,155-158",9999,,150,Y,ADMIN
1141,laeej,"1-13,17-20,22-23,34-43,45-46,67,68,70,73,74,80,81,84,85,87,92-93,95-100,104-106,108-110,117-119,125-129,131-133,135-137,150,151,153,155-158",9999,,150,Y,ADMIN
1142,labej,"1-13,17-20,22-23,34-43,45-46,67,68,70,73,74,80,81,84,85,87,92-93,95-100,104-106,108-110,117-119,125-129,131-133,135-137,150,151,153,155-158",9999,,150,Y,ADMIN
1143,lafej,"1-13,17-20,22-23,34-43,45-46,67,68,70,73,74,80,81,84,85,87,92-93,95-100,104-106,108-110,117-119,125-129,131-133,135-137,150,151,153,155-158",9999,,150,Y,ADMIN
1144,lakcj,"1-13,17-20,22-23,34-43,45-46,67,68,70,73,74,80,81,84,85,87,92-93,95-100,104-106,108-110,117-119,125-129,131-133,135-137,150,151,153,155-158",9999,,150,Y,ADMIN
1145,laklj,"1-13,17-20,22-23,34-43,45-46,67,68,70,73,74,80,81,84,85,87,92-93,95-100,104-106,108-110,117-119,125-129,131-133,135-137,150,151,153,155-158",9999,,150,Y,ADMIN
1146,lakpj,"1-13,17-20,22-23,34-43,45-46,67,68,70,73,74,80,81,84,85,87,92-93,95-100,104-106,108-110,117-119,125-129,131-133,135-137,150,151,153,155-158",9999,,150,Y,ADMIN
1147,lallj,"1-13,17-20,22-23,34-43,45-46,67,68,70,73,74,80,81,84,85,87,92-93,95-100,104-106,108-110,117-119,125-129,131-133,135-137,150,151,153,155-158",9999,,150,Y,ADMIN
1148,lamcj,"1-13,17-20,22-23,34-43,45-46,67,68,70,73,74,80,81,84,85,87,92-93,95-100,104-106,108-110,117-119,125-129,131-133,135-137,150,151,153,155-158",9999,,150,Y,ADMIN
1149,lapbj,"1-13,17-20,22-23,34-43,45-46,67,68,70,73,74,80,81,84,85,87,92-93,95-100,104-106,108-110,117-119,125-129,131-133,135-137,150,151,153,155-158",9999,,150,Y,ADMIN
1150,lapij,"1-13,17-20,22-23,34-43,45-46,67,68,70,73,74,80,81,84,85,87,92-93,95-100,104-106,108-110,117-119,125-129,131-133,135-137,150,151,153,155-158",9999,,150,Y,ADMIN
1151,lassj,"1-13,17-20,22-23,34-43,45-46,67,68,70,73,74,80,81,84,85,87,92-93,95-100,104-106,108-110,117-119,125-129,131-133,135-137,150,151,153,155-158",9999,,150,Y,ADMIN
1152,lapxj,"1-13,17-20,22-23,34-43,45-46,67,68,70,73,74,80,81,84,85,87,92-93,95-100,104-106,108-110,117-119,125-129,131-133,135-137,150,151,153,155-158",9999,,150,Y,ADMIN
1153,lafpa,"1-13,17-20,22-23,34-43,45-46,67,68,70,73,74,80,81,84,85,87,92-93,95-100,104-106,108-110,117-119,125-129,131-133,135-137,150,151,153,155-158",9999,,151,Y,ADMIN
1154,lafpj,"1-13,17-20,22-23,34-43,45-46,67,68,70,73,74,80,81,84,85,87,92-93,95-100,104-106,108-110,117-119,125-129,131-133,135-137,150,151,153,155-158",9999,,151,Y,ADMIN
1155,lampa,"1-13,17-20,22-23,34-43,45-46,67,68,70,73,74,80,81,84,85,87,92-93,95-100,104-106,108-110,117-119,125-129,131-133,135-137,150,151,153,155-158",9999,,151,Y,ADMIN
1156,larpa,"1-13,17-20,22-23,34-43,45-46,67,68,70,73,74,80,81,84,85,87,92-93,95-100,104-106,108-110,117-119,125-129,131-133,135-137,150,151,153,155-158",9999,,151,Y,ADMIN
1157,laspa,"1-13,17-20,22-23,34-43,45-46,67,68,70,73,74,80,81,84,85,87,92-93,95-100,104-106,108-110,117-119,125-129,131-133,135-137,150,151,153,155-158",9999,,151,Y,ADMIN
1158,lawpa,"1-13,17-20,22-23,34-43,45-46,67,68,70,73,74,80,81,84,85,87,92-93,95-100,104-106,108-110,117-119,125-129,131-133,135-137,150,151,153,155-158",9999,,151,Y,ADMIN
1159,lapea,"1-13,17-20,22-23,34-43,45-46,67,68,70,73,74,80,81,84,85,87,92-93,95-100,104-106,108-110,117-119,125-129,131-133,135-137,150,151,153,155-158",9999,,152,Y,ADMIN
1160,lapey,"1-13,17-20,22-23,34-43,45-46,67,68,70,73,74,80,81,84,85,87,92-93,95-100,104-106,108-110,117-119,125-129,131-133,135-137,150,151,153,155-158",9999,,152,Y,ADMIN
1161,lapej,"1-13,17-20,22-23,34-43,45-46,67,68,70,73,74,80,81,84,85,87,92-93,95-100,104-106,108-110,117-119,125-129,131-133,135-137,150,151,153,155-158",9999,,152,Y,ADMIN
1162,lappa,"1-13,17-20,22-23,34-43,45-46,67,68,70,73,74,80,81,84,85,87,92-93,95-100,104-106,108-110,117-119,125-129,131-133,135-137,150,151,153,155-158",9999,,152,Y,ADMIN
1163,lavgy,"1-13,17-20,22-23,34-43,45-46,67,68,70,73,74,80,81,84,85,87,92-93,95-100,104-106,108-110,117-119,125-129,131-133,135-137,150,151,153,155-158",9999,,160,Y,ADMIN
1164,lasmy,"1-13,17-20,22-23,34-43,45-46,67,68,70,73,74,80,81,84,85,87,92-93,95-100,104-106,108-110,117-119,125-129,131-133,135-137,150,151,153,155-158",9999,,158,Y,ADMIN
1165,lasma,"1-13,17-20,22-23,34-43,45-46,67,68,70,73,74,80,81,84,85,87,92-93,95-100,104-106,108-110,117-119,125-129,131-133,135-137,150,151,153,155-158",9999,,158,Y,ADMIN
1166,laill,"1-13,17-20,22-23,34-43,45-46,67,68,70,73,74,80,81,84,85,87,92-93,95-100,104-106,108-110,117-119,125-129,131-133,135-137,150,151,153,155-158",9999,,153,Y,ADMIN
1167,ladla,"1-13,17-20,22-23,34-43,45-46,48,67,68,70,73,74,80,81,84,85,87,92-93,95-100,104-106,108-110,112,117-119,125-129,131-133,135-137,150,151,153,155-158",9,,146,Y,ADMIN
1168,lanmx,"1-13,17-20,22-23,34-43,45-46,48,67,68,70,73,74,80,81,84,85,87,92-93,95-100,104-106,108-110,112,117-119,125-129,131-133,135-137,150,151,153,155-158",9,,146,Y,ADMIN
1169,lalda,"1-13,17-20,22-23,34-43,45-46,48,67,68,70,73,74,80,81,84,85,87,92-93,95-100,104-106,108-110,112,117-119,125-129,131-133,135-137,150,151,153,155-158",9999,,147,Y,ADMIN
1170,lalda,"1-13,17-20,22-23,34-43,45-46,48,67,68,70,73,74,80,81,84,85,87,92-93,95-100,104-106,108-110,112,117-119,125-129,131-133,135-137,150,151,153,155-158",9,,148,Y,ADMIN
1171,laldj,"1-13,17-20,22-23,34-43,45-46,48,67,68,70,73,74,80,81,84,85,87,92-93,95-100,104-106,108-110,112,117-119,125-129,131-133,135-137,150,151,153,155-158",9999,,147,Y,ADMIN
1172,laldj,"1-13,17-20,22-23,34-43,45-46,48,67,68,70,73,74,80,81,84,85,87,92-93,95-100,104-106,108-110,112,117-119,125-129,131-133,135-137,150,151,153,155-158",9,,148,Y,ADMIN
1173,"la*  ","1-13,17-20,22-23,34-43,45-46,48,67,68,70,73,74,80,81,84,85,87,92-93,95-100,104-106,108-110,112,117-119,125-129,131-133,135-137,150,151,153,155-158",24,,145,Y,ADMIN
1174,"la*  ",115,9999,,157,Y,ADMIN
1175,lacsa,115,9999,,154,Y,ADMIN
1176,"la*  ",115,9,,158,Y,ADMIN
1177,labxj,115,9999,,163,Y,ADMIN
1178,laexj,115,9999,,163,Y,ADMIN
1179,lalxa,115,9999,,163,Y,ADMIN
1180,larbb,115,9999,,163,Y,ADMIN
1181,lareb,115,9999,,163,Y,ADMIN
1182,larab,115,9999,,163,Y,ADMIN
1183,laegj,115,9999,,163,Y,ADMIN
1184,lamxj,115,9999,,163,Y,ADMIN
1185,lamay,115,9999,,163,Y,ADMIN
1186,lamaj,115,9999,,163,Y,ADMIN
1187,lahcj,115,9999,,163,Y,ADMIN
1188,lamaa,115,9999,,163,Y,ADMIN
1189,lamxa,115,9999,,163,Y,ADMIN
1190,lagxj,115,9999,,163,Y,ADMIN
1191,lagxa,115,9999,,163,Y,ADMIN
1192,lavdj,115,9999,,158,Y,ADMIN
1193,lavda,115,9999,,158,Y,ADMIN
1194,lavna,115,9999,,158,Y,ADMIN
1195,lakba,115,9999,,161,Y,ADMIN
1196,labbj,115,9999,,283,Y,ADMIN
1197,labij,115,9999,,162,Y,ADMIN
1198,laboj,115,9999,,162,Y,ADMIN
1199,laebj,115,9999,,162,Y,ADMIN
1200,laepj,115,9999,,162,Y,ADMIN
1201,laeej,115,9999,,162,Y,ADMIN
1202,labej,115,9999,,162,Y,ADMIN
1203,lafej,115,9999,,162,Y,ADMIN
1204,lakcj,115,9999,,162,Y,ADMIN
1205,laklj,115,9999,,162,Y,ADMIN
1206,lakpj,115,9999,,162,Y,ADMIN
1207,lallj,115,9999,,162,Y,ADMIN
1208,lamcj,115,9999,,162,Y,ADMIN
1209,labpj,115,9999,,162,Y,ADMIN
1210,lapij,115,9999,,162,Y,ADMIN
1211,lassj,115,9999,,162,Y,ADMIN
1212,lapxj,115,9999,,162,Y,ADMIN
1213,lafpa,115,9999,,163,Y,ADMIN
1214,lafpj,115,9999,,163,Y,ADMIN
1215,lampa,115,9999,,163,Y,ADMIN
1216,larpa,115,9999,,163,Y,ADMIN
1217,laspa,115,9999,,163,Y,ADMIN
1218,lawpa,115,9999,,163,Y,ADMIN
1219,lapea,115,9999,,164,Y,ADMIN
1220,lapey,115,9999,,164,Y,ADMIN
1221,lapej,115,9999,,164,Y,ADMIN
1222,lappa,115,9999,,164,Y,ADMIN
1223,laill,115,9999,,164,Y,ADMIN
1224,ladla,115,9,,158,Y,ADMIN
1225,lanmx,115,9,,158,Y,ADMIN
1226,lalda,115,9999,,159,Y,ADMIN
1227,la*,115,24,,157,Y,ADMIN
1228,lalda,115,9,,160,Y,ADMIN
1229,laldj,115,9999,,159,Y,ADMIN
1230,laldj,115,9,,160,Y,ADMIN
1231,la*,113,9999,,156,Y,ADMIN
1232,la*,"112,114",9999,,155,Y,ADMIN
1233,laice,9999,9999,,263,Y,ADMIN
1234,lacia,9999,9999,,1,Y,ADMIN
1235,laema,"1-13,17-20,22-23,34-43,45-46,48,67,68,70,73,74,80,81,84,85,87,92-93,95-100,104-106,108-110,112,117-119,125-129,131-133,135-137,150,151,153,155-158",9999,,314,Y,ADMIN
1236,laema,"105-106,108-110,112,115",9999,,220,Y,ADMIN
1237,lallt,"1-13,17-20,34-43,45-46,48,67-77,80-82,84-87,92-93,95-100,104-106,108-110,112,117-119,125-129,131-133,135-137",9999,,330,Y,ADMIN
1238,lallt,"105-106,108-110,112,115",9999,,329,Y,ADMIN
1239,lalot,"1-13,17-20,34-43,45-46,48,67-77,80-82,84-87,92-93,95-100,104-106,108-110,112,117-119,125-129,131-133,135-137",9999,,314,Y,ADMIN
1240,lalot,"105-106,108-110,112,115",9999,,220,Y,ADMIN
1241,ladsa,9999,9999,,1,Y,ADMIN
1242,latba,9999,9999,,1,Y,ADMIN
1243,latba,"105,106,108,109,110,114,115",13,,202,Y,ADMIN
1244,laera,9999,9999,,1,Y,ADMIN
1245,laesa,9999,9999,,1,Y,ADMIN
1246,laopa,9999,9999,,1,Y,ADMIN
1247,lapca,9999,"14,15,16",,1,Y,ADMIN
1248,larsa,9999,9999,,1,Y,ADMIN
1249,larfa,9999,9999,,1,Y,ADMIN
1250,laara,9999,9999,,1,Y,ADMIN
1251,"lv*  ","1-13,17-20,22-23,34-43,45-46,67,68,70,73,74,80,81,84,85,87,92-93,95-100,104-106,108-110,115,117-119,125-128,131,135-137,150,151,153,155-158",9999,,181,Y,ADMIN
1252,"lv*  ","1-13,17-20,22-23,34-43,45-46,67,68,70,73,74,80,81,84,85,87,92-93,95-100,104-106,108-110,115,117-119,125-128,131,135-137,150,151,153,155-158",1,,179,Y,ADMIN
1253,lv*,129,9999,,173,Y,ADMIN
1254,lv*,138,9999,,1,Y,ADMIN
1255,lvbbj,"1-13,17-20,22-23,34-43,45-46,67,68,70,73,74,80,81,84,85,87,92-93,95-100,104-106,108-110,115,117-119,125-128,131,135-137,150,151,153,155-158",9999,,179,Y,ADMIN
1256,lvbsj,"1-13,22-23,17-20,34-43,45-46,67,68,70,73,74,80,81,84,85,87,92-93,95-100,104-106,108-110,115,117-119,125-128,131,135-137,150,151,153,155-158",9999,,179,Y,ADMIN
1257,lvenj,"1-13,17-20,22-23,34-43,45-46,67,68,70,73,74,80,81,84,85,87,92-93,95-100,104-106,108-110,115,117-119,125-128,131,135-137,150,151,153,155-158",9999,,182,Y,ADMIN
1258,lvnmj,9999,9999,,1,Y,ADMIN
1259,lvnmj,129,9999,,173,Y,ADMIN
1260,lvnmj,"125,131,135,136",9999,,182,Y,ADMIN
1261,lvcfx,"1-13,17-20,22-23,34-43,45-46,67,68,70,73,74,80,81,84,85,87,92-93,95-100,104-106,108-110,115,117-119,125-128,131,135-137,150,151,153,155-158",9999,,182,Y,ADMIN
1262,lvnha,"1-13,17-20,22-23,34-43,45-46,67,68,70,73,74,80,81,84,85,87,92-93,95-100,104-106,108-110,115,117-119,125-128,131,135-137,150,151,153,155-158",9999,,182,Y,ADMIN
1263,"lv*  ","1-13,22-23,17-20,34-43,45-46,67,68,70,73,74,80,81,84,85,87,92-93,95-100,104-106,108-110,115,117-119,125-128,131,135-137,150,151,153,155-158","7,8,9",,185,Y,ADMIN
1264,"lv*  ","1-13,17-20,22-23,34-43,45-46,67,68,70,73,74,80,81,84,85,87,92-93,95-100,104-106,108-110,115,117-119,125-128,131,135-137,150,151,153,155-158",3,,190,Y,ADMIN
1265,lvbg*,9999,7,,1,Y,ADMIN
1266,lvbg*,129,7,,173,Y,ADMIN
1267,lvbg*,"125-128,131,135-137",7,,185,Y,ADMIN
1268,lvsca,9999,9999,,1,Y,ADMIN
1269,lvsca,129,9999,,173,Y,ADMIN
1270,lvsca,"125,131,135-136",9999,,181,Y,ADMIN
1271,"lv*  ",127,9999,,168,Y,ADMIN
1272,"lv*  ",127,1,,168,Y,ADMIN
1273,lvlti,9999,9999,,1,Y,ADMIN
1274,lvlti,138,"13,25",,239,Y,ADMIN
1275,lvlti,"125-129,133,135",9999,,239,Y,ADMIN
1276,lvstf,9999,9999,,1,Y,ADMIN
1277,lvstf,"127,129",9999,,236,Y,ADMIN
1278,lvtec,9999,9999,,1,Y,ADMIN
1279,lvtec,138,"13,25",,237,Y,ADMIN
1280,lvtec,"125-129,133,135",9999,,237,Y,ADMIN
1281,lvlab,9999,9999,,1,Y,ADMIN
1282,lvlab,138,"13,25",,238,Y,ADMIN
1283,lvlab,"125-129,133,135",9999,,238,Y,ADMIN
1284,lvbbj,127,9999,,168,Y,ADMIN
1285,lvbsj,127,9999,,168,Y,ADMIN
1286,lvenj,127,9999,,169,Y,ADMIN
1287,lvnmj,127,9999,,169,Y,ADMIN
1288,lvcfx,127,9999,,169,Y,ADMIN
1289,lvnha,127,9999,,169,Y,ADMIN
1290,lvflx,127,9999,,168,Y,ADMIN
1291,lvcca,127,9999,,171,Y,ADMIN
1292,"lv*  ",127,"7,8,9",,170,Y,ADMIN
1293,"lv*  ",127,3,,191,Y,ADMIN
1294,"lv*  ",128,9999,,176,Y,ADMIN
1295,"lv*  ",128,1,,176,Y,ADMIN
1296,lvbbj,128,9999,,176,Y,ADMIN
1297,lvbsj,128,9999,,176,Y,ADMIN
1298,lvenj,128,9999,,182,Y,ADMIN
1299,lvnmj,128,9999,,182,Y,ADMIN
1300,lvcfx,128,9999,,182,Y,ADMIN
1301,lvnha,128,9999,,182,Y,ADMIN
1302,lvflx,128,9999,,176,Y,ADMIN
1303,"lv*  ",128,"7,8,9",,178,Y,ADMIN
1304,"lv*  ",128,3,,192,Y,ADMIN
1305,"lv*  ","1-13,17-20,22-23,34-43,45-46,67,68,70,73,74,80,81,84,85,87,92-93,95-100,104-106,108-110,115,117-119,125-128,131,135-137,150,151,153,155-158",15,,175,Y,ADMIN
1306,lvlfa,"1-13,17-20,22-23,34-43,45-46,67,68,70,73,74,80,81,84,85,87,92-93,95-100,104-106,108-110,115,117-119,125-128,131,135-137,150,151,153,155-158",9999,,175,Y,ADMIN
1307,lvlia,"1-13,17-20,22-23,34-43,45-46,67,68,70,73,74,80,81,84,85,87,92-93,95-100,104-106,108-110,115,117-119,125-128,131,135-137,150,151,153,155-158",9999,,175,Y,ADMIN
1308,lvlna,"1-13,17-20,22-23,34-43,45-46,67,68,70,73,74,80,81,84,85,87,92-93,95-100,104-106,108-110,115,117-119,125-128,131,135-137,150,151,153,155-158",9999,,175,Y,ADMIN
1309,lvabj,"1-13,17-20,22-23,34-43,45-46,67,68,70,73,74,80,81,84,85,87,92-93,95-100,104-106,108-110,115,117-119,125-128,131,135-137,150,151,153,155-158",9999,,175,Y,ADMIN
1310,lvbka,"1-13,17-20,22-23,34-43,45-46,67,68,70,73,74,80,81,84,85,87,92-93,95-100,104-106,108-110,115,117-119,125-128,131,135-137,150,151,153,155-158",9999,,186,Y,ADMIN
1311,lvbda,9999,9999,,1,Y,ADMIN
1312,lvbda,129,9999,,173,Y,ADMIN
1313,lvbda,"125-128,131,135-137",9999,,243,Y,ADMIN
1314,lvppa,9999,9999,,1,Y,ADMIN
1315,lvppa,129,9999,,173,Y,ADMIN
1316,lvppa,"125-128,131,135-136",9999,,193,Y,ADMIN
1317,lvcny,9999,9999,,1,Y,ADMIN
1318,lvcny,129,9999,,173,Y,ADMIN
1319,lvcny,"125-128,131,135-136",9999,,177,Y,ADMIN
1320,lvera,"1-13,17-20,22-23,34-43,45-46,67,68,70,73,74,80,81,84,85,87,92-93,95-100,104-106,108-110,115,117-119,125-128,131,135-137,150,151,153,155-158",9999,,188,Y,ADMIN
1321,"lv*  ",133,9999,,184,Y,ADMIN
1322,"lv*  ",132,9999,,175,Y,ADMIN
1323,"lv*  ",130,9999,,180,Y,ADMIN
1324,lv*,126,9999,,172,Y,ADMIN
1325,lvhba,9999,9999,,1,Y,ADMIN
1326,lvhba,126,9999,,172,Y,ADMIN
1327,lvfqa,9999,9999,,183,Y,ADMIN
1328,lvvqa,9999,9999,,189,Y,ADMIN
1329,lvlta,9999,9999,,1,Y,ADMIN
1330,lvlta,"125,127-129",9999,,217,Y,ADMIN
1331,lvill,126,9999,,174,Y,ADMIN
1332,lvfhy,9999,9999,,187,Y,ADMIN
1333,laaaa,8,9999,,202,Y,ADMIN
1334,"lv*  ",134,9999,,175,Y,ADMIN
1335,lvpca,9999,9999,,1,Y,ADMIN
1336,lvehj,1,1,,46,Y,ADMIN
1337,lvnhj,1,1,,206,Y,ADMIN
1338,"cw*  ",9999,9999,,1,Y,ADMIN
1339,"cw*  ","1-13,17-20,22-23,34-43,45-46,67,68,70,73,74,80,81,84,85,87,92-93,95-100,104-106,108-110,115,117-119,125-128,131,135-137","0,9,19,35",,278,Y,ADMIN
1340,cwbtj,9999,9999,,1,Y,ADMIN
1341,cwhoj,9999,9999,,1,Y,ADMIN
1342,cwcca,9999,9999,,1,Y,ADMIN
1343,cwcda,9999,9999,,1,Y,ADMIN
1344,cwgxa,9999,9999,,1,Y,ADMIN
1345,cwuxa,9999,9999,,1,Y,ADMIN
1346,cwuxj,9999,9999,,1,Y,ADMIN
1347,cwyxy,9999,9999,,1,Y,ADMIN
1348,cwvxa,9999,9999,,1,Y,ADMIN
1349,cwdxa,9999,9999,,1,Y,ADMIN
1350,cwdxj,9999,9999,,1,Y,ADMIN
1351,cwexj,9999,9999,,1,Y,ADMIN
1352,cwrxj,9999,9999,,1,Y,ADMIN
1353,cwpxj,9999,9999,,1,Y,ADMIN
1354,cwgxj,9999,9999,,1,Y,ADMIN
1355,cwbxj,9999,9999,,1,Y,ADMIN
1356,cwnxj,9999,9999,,1,Y,ADMIN
1357,cwfxj,9999,9999,,1,Y,ADMIN
1358,cwnxa,9999,9999,,1,Y,ADMIN
1359,cwfxa,9999,9999,,1,Y,ADMIN
1360,cwlxa,9999,9999,,1,Y,ADMIN
1361,cw*,152,9999,,1,Y,ADMIN
1362,"cw*  ","151,157,158",28,,311,Y,ADMIN
1363,"cw*  ",155,28,,281,Y,ADMIN
1364,"cw*  ","151,155,157,158",13,,311,Y,ADMIN
1365,"cw*  ","151,155,157,158","5,31",,280,Y,ADMIN
1366,"cw*  ","151,155,157,158",34,,313,Y,ADMIN
1367,"cw*  ","155,157,158","27,29,30",,279,Y,ADMIN
1368,"cw*  ","157,158",35,,279,Y,ADMIN
1369,"cw*  ",155,35,,278,Y,ADMIN
1370,"cw*  ","155,157,158","0,3,9,19,26,32",,278,Y,ADMIN
1371,"cw*  ","151,155,157,158",20,,315,Y,ADMIN
1372,"cw*  ","153,156",20,,324,Y,ADMIN
1373,cw*,150,20,,326,Y,ADMIN
1374,"cw*  ","150,153,156","5,31",,318,Y,ADMIN
1375,"cw*  ",153,28,,319,Y,ADMIN
1376,"cw*  ",153,13,,322,Y,ADMIN
1377,cw*,"150,156","13,28",,322,Y,ADMIN
1378,"cw*  ","150,153,156",34,,323,Y,ADMIN
1379,"cw*  ",153,"27,29,30",,317,Y,ADMIN
1380,"cw*  ","150,156","27,29,30,35",,317,Y,ADMIN
1381,"cw*  ",153,"0,3,9,19,26,32,35",,316,Y,ADMIN
1382,"cw*  ","150,156","0,3,9,19,26,32",,316,Y,ADMIN
1383,cw*,151,"0,3,9,19,29,30,35",,280,Y,ADMIN
1384,cw*,154,"0,3,5,9,13,19,26,27,28,29,30,31,35",,284,Y,ADMIN
1385,cs*,9999,9999,,1,Y,ADMIN
1386,"cs*  ","1-13,17-20,22-23,34-43,45-46,67,68,70,73,74,80,81,84,85,87,92-93,95-100,104-106,108-110,115,117-119,125-128,131,135-137","0,9,19,35",,278,Y,ADMIN
1387,csbtj,9999,9999,,1,Y,ADMIN
1388,cshoj,9999,9999,,1,Y,ADMIN
1389,cscda,9999,9999,,1,Y,ADMIN
1390,cscra,9999,9999,,1,Y,ADMIN
1391,csgxa,9999,9999,,1,Y,ADMIN
1392,csuxa,9999,9999,,1,Y,ADMIN
1393,csuxj,9999,9999,,1,Y,ADMIN
1394,csyxy,9999,9999,,1,Y,ADMIN
1395,csvxa,9999,9999,,1,Y,ADMIN
1396,csdxa,9999,9999,,1,Y,ADMIN
1397,csdxj,9999,9999,,1,Y,ADMIN
1398,csexj,9999,9999,,1,Y,ADMIN
1399,csrxj,9999,9999,,1,Y,ADMIN
1400,cspxj,9999,9999,,1,Y,ADMIN
1401,csgxj,9999,9999,,1,Y,ADMIN
1402,csbxj,9999,9999,,1,Y,ADMIN
1403,csnxj,9999,9999,,1,Y,ADMIN
1404,csfxj,9999,9999,,1,Y,ADMIN
1405,csnxa,9999,9999,,1,Y,ADMIN
1406,csfxa,9999,9999,,1,Y,ADMIN
1407,cslxa,9999,9999,,1,Y,ADMIN
1408,cs*,152,9999,,1,Y,ADMIN
1409,"cs*  ","151,157,158",28,,311,Y,ADMIN
1410,"cs*  ",155,28,,281,Y,ADMIN
1411,"cs*  ","151,155,157,158",13,,311,Y,ADMIN
1412,"cs*  ","151,155,157,158","5,31",,280,Y,ADMIN
1413,"cs*  ","151,155,157,158",34,,313,Y,ADMIN
1414,"cs*  ","155,157,158","27,29,30",,279,Y,ADMIN
1415,"cs*  ","157,158",35,,279,Y,ADMIN
1416,"cs*  ",155,35,,278,Y,ADMIN
1417,"cs*  ","155,157,158","0,3,9,19,26,32",,278,Y,ADMIN
1418,"cs*  ","151,155,157,158",20,,315,Y,ADMIN
1419,"cs*  ","153,156",20,,324,Y,ADMIN
1420,cs*,150,20,,326,Y,ADMIN
1421,"cs*  ","150,153,156","5,31",,318,Y,ADMIN
1422,"cs*  ",153,28,,319,Y,ADMIN
1423,"cs*  ",153,13,,322,Y,ADMIN
1424,"cs*  ","150,156","13,28",,322,Y,ADMIN
1425,"cs*  ","150,153,156",34,,323,Y,ADMIN
1426,"cs*  ",153,"27,29,30",,317,Y,ADMIN
1427,"cs*  ","150,156","27,29,30,35",,317,Y,ADMIN
1428,"cs*  ",153,"0,3,9,19,26,32,35",,316,Y,ADMIN
1429,"cs*  ","150,156","0,3,9,19,26,32",,316,Y,ADMIN
1430,cs*,151,"0,3,9,19,29,30,35",,280,Y,ADMIN
1431,cs*,154,"0,3,5,9,13,19,26,27,28,29,30,31,35",,284,Y,ADMIN
1432,cr*,9999,9999,,1,Y,ADMIN
1433,"cr*  ","151-155,157,158",9999,,315,Y,ADMIN
1434,cr*,"150,156",9999,,324,Y,ADMIN
1435,co*,9999,9999,,1,Y,ADMIN
1436,co*,152,9999,,1,Y,ADMIN
1437,"co*  ","151,155,157,158",28,,281,Y,ADMIN
1438,"co*  ","151,155,157,158","5,31",,280,Y,ADMIN
1439,"co*  ","151,155,157,158",13,,311,Y,ADMIN
1440,"co*  ","151,155,157,158",34,,313,Y,ADMIN
1441,"co*  ","155,157,158","27,29,30",,279,Y,ADMIN
1442,"co*  ","157,158",35,,279,Y,ADMIN
1443,"co*  ",155,35,,278,Y,ADMIN
1444,"co*  ","155,157,158","0,3,9,19,26,32",,278,Y,ADMIN
1445,"co*  ","151,155,157,158",20,,315,Y,ADMIN
1446,"co*  ","153,156",20,,324,Y,ADMIN
1447,co*,150,20,,326,Y,ADMIN
1448,"co*  ","150,153,156",28,,319,Y,ADMIN
1449,"co*  ","150,153,156","5,31",,318,Y,ADMIN
1450,"co*  ","150,153,156",13,,322,Y,ADMIN
1451,"co*  ","150,153,156",34,,323,Y,ADMIN
1452,"co*  ",153,"27,29,30",,317,Y,ADMIN
1453,"co*  ","150,156","27,29,30,35",,317,Y,ADMIN
1454,"co*  ",153,"0,3,9,19,26,32,35",,316,Y,ADMIN
1455,"co*  ","150,156","0,3,9,19,26,32",,316,Y,ADMIN
1456,"co*  ",151,"0,3,9,19,29,30,35",,280,Y,ADMIN
1457,"co*  ",154,"0,3,5,9,13,19,26,27,28,29,30,31,35",,284,Y,ADMIN
1458,"cb*  ",9999,9999,,1,Y,ADMIN
1459,"cb*  ","1-13,17-20,34-43,45-46,67,68,70,73,74,80,81,84,85,87,92-93,95-100,104-106,108-110,115,117-119,125-128,131,135-137","0,9,19,35",,278,Y,ADMIN
1460,cbhoj,9999,9999,,1,Y,ADMIN
1461,"cb*  ",152,9999,,1,Y,ADMIN
1462,"cb*  ","151,155,157,158",28,,281,Y,ADMIN
1463,"cb*  ","151,155,157,158","5,31",,280,Y,ADMIN
1464,"cb*  ","151,155,157,158",13,,311,Y,ADMIN
1465,"cb*  ","151,155,157,158",34,,313,Y,ADMIN
1466,"cb*  ","155,157,158","27,29,30",,279,Y,ADMIN
1467,"cb*  ","157,158",35,,279,Y,ADMIN
1468,"cb*  ",155,35,,278,Y,ADMIN
1469,"cb*  ","155,157,158","0,3,9,19,26,32",,278,Y,ADMIN
1470,"cb*  ","151,155,157,158",20,,315,Y,ADMIN
1471,"cb*  ","153,156",20,,324,Y,ADMIN
1472,cb*,150,20,,326,Y,ADMIN
1473,"cb*  ","150,153,156",28,,319,Y,ADMIN
1474,"cb*  ","150,153,156","5,31",,318,Y,ADMIN
1475,"cb*  ","150,153,156",13,,322,Y,ADMIN
1476,"cb*  ","150,153,156",34,,323,Y,ADMIN
1477,"cb*  ",153,"27,29,30",,317,Y,ADMIN
1478,"cb*  ","150,156","27,29,30,35",,317,Y,ADMIN
1479,"cb*  ",153,"0,3,9,19,26,32,35",,316,Y,ADMIN
1480,"cb*  ","150,156","0,3,9,19,26,32",,316,Y,ADMIN
1481,"cb*  ",151,"0,3,9,19,29,30,35",,280,Y,ADMIN
1482,"cb*  ",154,"0,3,5,9,13,19,26,27,28,29,30,31,35",,284,Y,ADMIN
1483,cbpcx,9999,9999,,1,Y,ADMIN
1484,cbpcx,152,9999,,1,Y,ADMIN
1485,cbpcx,"151,155,157,158","13,28",,311,Y,ADMIN
1486,cbpcx,"151,155,157,158","5,31",,310,Y,ADMIN
1487,cbpcx,"151,155,157,158",34,,313,Y,ADMIN
1488,cbpcx,"155,157,158","27,29,30",,309,Y,ADMIN
1489,cbpcx,"157,158",35,,309,Y,ADMIN
1490,cbpcx,155,35,,308,Y,ADMIN
1491,cbpcx,"155,157,158","0,3,9,19,26,32",,308,Y,ADMIN
1492,cbpcx,"151,155,157,158",20,,315,Y,ADMIN
1493,cbpcx,"153,156",20,,324,Y,ADMIN
1494,cbpcx,150,20,,326,Y,ADMIN
1495,cbpcx,"150,153,156","13,28",,322,Y,ADMIN
1496,cbpcx,"150,153,156","5,31",,321,Y,ADMIN
1497,cbpcx,"150,153,156",34,,323,Y,ADMIN
1498,cbpcx,153,"27,29,30",,309,Y,ADMIN
1499,cbpcx,"150,156","27,29,30,35",,320,Y,ADMIN
1500,cbpcx,153,"0,3,9,19,26,32,35",,325,Y,ADMIN
1501,cbpcx,"150,156","0,3,9,19,26,32",,325,Y,ADMIN
1502,cbpcx,151,"0,3,9,19,29,30,35",,310,Y,ADMIN
1503,ca*,9999,9999,,1,Y,ADMIN
1504,ca*,152,9999,,1,Y,ADMIN
1505,"ca*  ","151,155,157,158",28,,281,Y,ADMIN
1506,"ca*  ","151,155,157,158",13,,311,Y,ADMIN
1507,"ca*  ","151,155,157,158","5,31",,280,Y,ADMIN
1508,"ca*  ","151,155,157,158",34,,313,Y,ADMIN
1509,"ca*  ","155,157,158","27,29,30",,279,Y,ADMIN
1510,"ca*  ","157,158",35,,279,Y,ADMIN
1511,"ca*  ",155,35,,278,Y,ADMIN
1512,"ca*  ","155,157,158","0,3,9,19,26,32",,278,Y,ADMIN
1513,"ca*  ","151,155,157,158",20,,315,Y,ADMIN
1514,"ca*  ","153,156",20,,324,Y,ADMIN
1515,ca*,150,20,,326,Y,ADMIN
1516,"ca*  ","150,153,156",28,,319,Y,ADMIN
1517,"ca*  ","150,153,156","5,31",,318,Y,ADMIN
1518,"ca*  ","150,153,156",13,,322,Y,ADMIN
1519,"ca*  ","150,153,156",34,,323,Y,ADMIN
1520,"ca*  ",153,"27,29,30",,317,Y,ADMIN
1521,ca*,"150,156","27,29,30,35",,317,Y,ADMIN
1522,"ca*  ",153,"0,3,9,19,26,32,35",,316,Y,ADMIN
1523,"ca*  ","150,156","0,3,9,19,26,32",,316,Y,ADMIN
1524,ca*,151,"0,3,9,19,29,30,35",,280,Y,ADMIN
1525,ca*,154,"0,3,5,9,13,19,26,27,28,29,30,31,35",,284,Y,ADMIN
1526,?????,73,9999,,221,Y,ADMIN
1527,?????,15,9999,,1,Y,ADMIN
1528,?????,47,9999,,20,Y,ADMIN
1529,?????,255,9999,,46,Y,ALL
1530,?????,"201-210,213-220,224,227-230,235-251","0,1,5,10,11,19,24",,48,Y,ALL
1531,?????,"201-210,213-220,224,227-230,236-238,240,243-245,247,251","8,9",,49,Y,ALL
1532,?????,"1-5,7-9,11-14,17-20,67,68,70,73,74,78,80,81,84,85,92-93,95-100,105-106,108-110,112,115,117-119,125-129,131-133,135-136,150,151,153,155-158,210,240",209,,50,Y,ALL
1533,?????,"1-7,12,17,19-20",209,,75,Y,ALL
1534,?????,"34-43,45-46",209,,264,Y,ADMIN
1535,?????,"1-5,7-9,11-14,17-20,67,68,70,73,74,78,80,81,84,85,92-93,95-100,105-106,108-110,112,115,117-119,125-129,131-133,135-136,150,151,153,155-158,210,240",202,,51,Y,ALL
1536,?????,"1-7,12,17,19-20",202,,76,Y,ALL
1537,?????,"34-43,45-46",202,,265,Y,ADMIN
1538,"9*   ","1-5,7-9,11-14,17-20,67,68,70,73,74,78,80,81,84,85,92-93,95-100,105-106,108-110,112,115,117-119,125-129,131-133,135-136,150,151,153,155-158,210,240","200,220",,50,Y,ALL
1539,"9*   ","1-7,12,17,19-20","200,220",,75,Y,ALL
1540,9*,"34-43,45-46","200,220",,264,Y,ADMIN
1541,"9*   ","1-5,7-9,11-14,17-20,67,68,70,73,74,78,80,81,84,85,92-93,95-100,105-106,108-110,112,115,117-119,125-129,131-133,135-136,150,151,153,155-158,210,240","205,225",,51,Y,ALL
1542,"9*   ","1-7,12,17,19-20","205,225",,76,Y,ALL
1543,9*,"34-43,45-46","205,225",,265,Y,ADMIN
1544,"9*   ","1-5,7-9,11-14,17-20,67,68,70,73,74,78,80,81,84,85,92-93,95-100,105-106,108-110,112,115,117-119,125-129,131-133,135-136,150,151,153,155-158,210,240",202,,51,Y,ALL
1545,"9*   ","1-7,12,17,19-20",202,,76,Y,ALL
1546,9*,"34-43,45-46",202,,265,Y,ADMIN
1547,"9*   ","1-5,7-9,11-14,17-20,67,68,70,73,74,78,80,81,84,85,92-93,95-100,105-106,108-110,112,115,117-119,125-129,131-133,135-136,150,151,153,155-158,210,240",206,,76,Y,ALL
1548,9*,"34-43,45-46",206,,266,Y,ADMIN
1549,?????,9999,36,,300,Y,ADMIN
1550,?????,9999,33,,1,Y,ADMIN
